timestamp,direction,entry_price,stop_loss,take_profit,lots
2024-01-04T10:00:00+00:00,LONG,1.10383,1.10319,1.1051100000000005,1.5625
2024-01-04T11:00:00+00:00,LONG,1.10418,1.10319,1.10616,1.0101
2024-01-04T12:00:00+00:00,LONG,1.10372,1.10319,1.1047800000000003,1.8868
2024-01-04T13:00:00+00:00,LONG,1.10367,1.10319,1.10463,2.0833
2024-01-04T14:00:00+00:00,LONG,1.10377,1.10336,1.10459,2.439
2024-01-04T15:00:00+00:00,LONG,1.10399,1.10336,1.1052500000000003,1.5873
2024-01-04T16:00:00+00:00,LONG,1.10426,1.10336,1.1060600000000003,1.1111
2024-01-04T17:00:00+00:00,LONG,1.10455,1.1034067857142857,1.1068364285714283,0.8747
2024-01-04T18:00:00+00:00,LONG,1.10449,1.1035,1.10647,1.0101
2024-01-04T23:00:00+00:00,LONG,1.10408,1.10366,1.1049199999999997,2.381
2024-01-05T01:00:00+00:00,LONG,1.10405,1.10356,1.1050299999999997,2.0408
2024-01-05T02:00:00+00:00,LONG,1.10415,1.10356,1.1053299999999997,1.6949
2024-01-05T03:00:00+00:00,LONG,1.1044,1.10342,1.10636,1.0204
2024-01-05T04:00:00+00:00,LONG,1.10432,1.10342,1.1061199999999998,1.1111
2024-01-05T05:00:00+00:00,LONG,1.10442,1.10342,1.1064199999999997,1.0
2024-01-05T06:00:00+00:00,LONG,1.10466,1.10342,1.1071399999999998,0.8065
2024-01-05T07:00:00+00:00,LONG,1.10462,1.10342,1.1070199999999997,0.8333
2024-01-05T08:00:00+00:00,LONG,1.1048,1.10373,1.1069399999999998,0.9346
2024-01-05T09:00:00+00:00,LONG,1.10466,1.10383,1.1063199999999997,1.2048
2024-01-05T10:00:00+00:00,LONG,1.1046,1.10383,1.10614,1.2987
2024-01-05T11:00:00+00:00,LONG,1.10453,1.10403,1.10553,2.0
2024-01-05T13:00:00+00:00,LONG,1.10442,1.10379,1.1056799999999998,1.5873
2024-01-05T15:00:00+00:00,LONG,1.10438,1.10379,1.1055599999999997,1.6949
2024-01-05T16:00:00+00:00,LONG,1.10458,1.10379,1.1061599999999996,1.2658
2024-01-05T17:00:00+00:00,LONG,1.10476,1.10379,1.1066999999999998,1.0309
2024-01-05T18:00:00+00:00,LONG,1.10501,1.10385,1.1073300000000001,0.8621
2024-01-05T19:00:00+00:00,LONG,1.10503,1.10385,1.1073899999999999,0.8475
2024-01-06T15:00:00+00:00,SHORT,1.10369,1.10427,1.10253,1.7241
2024-01-06T16:00:00+00:00,SHORT,1.10356,1.10427,1.1021400000000001,1.4085
2024-01-06T17:00:00+00:00,SHORT,1.10318,1.10418,1.1011800000000003,1.0
2024-01-06T18:00:00+00:00,SHORT,1.10325,1.10418,1.1013900000000003,1.0753
2024-01-06T19:00:00+00:00,SHORT,1.10314,1.10418,1.1010600000000001,0.9615
2024-01-07T00:00:00+00:00,SHORT,1.10357,1.10425,1.10221,1.4706
2024-01-07T05:00:00+00:00,LONG,1.1047,1.10356,1.1069799999999999,0.8772
2024-01-07T12:00:00+00:00,LONG,1.10433,1.10377,1.1054500000000003,1.7857
2024-01-07T13:00:00+00:00,LONG,1.10431,1.10377,1.1053899999999999,1.8519
2024-01-07T17:00:00+00:00,LONG,1.10411,1.10321,1.1059099999999997,1.1111
2024-01-07T18:00:00+00:00,LONG,1.10476,1.1035567857142856,1.1071664285714287,0.8311
2024-01-07T19:00:00+00:00,LONG,1.10568,1.1043578571428572,1.1083242857142857,0.7563
2024-01-07T20:00:00+00:00,LONG,1.10586,1.1045442857142858,1.1084914285714287,0.76
2024-01-07T21:00:00+00:00,LONG,1.10561,1.1042364285714286,1.1083571428571428,0.728
2024-01-07T23:00:00+00:00,LONG,1.10515,1.10431,1.1068300000000004,1.1905
2024-01-08T00:00:00+00:00,LONG,1.10496,1.10445,1.10598,1.9608
2024-01-08T01:00:00+00:00,LONG,1.10488,1.10445,1.1057400000000004,2.3256
2024-01-08T02:00:00+00:00,LONG,1.10475,1.10445,1.1053499999999998,3.3333
2024-01-08T03:00:00+00:00,LONG,1.10476,1.10449,1.1053,3.7037
2024-01-08T04:00:00+00:00,LONG,1.10513,1.10416,1.1070699999999998,1.0309
2024-01-08T05:00:00+00:00,LONG,1.10522,1.10416,1.1073400000000002,0.9434
2024-01-08T06:00:00+00:00,LONG,1.10523,1.10416,1.1073699999999997,0.9346
2024-01-08T07:00:00+00:00,LONG,1.10497,1.10416,1.10659,1.2346
2024-01-08T11:00:00+00:00,LONG,1.10503,1.10385,1.1073899999999999,0.8475
2024-01-08T12:00:00+00:00,LONG,1.10512,1.1039307142857144,1.1074985714285714,0.8408
2024-01-08T13:00:00+00:00,LONG,1.10547,1.1042496428571429,1.107910714285714,0.8194
2024-01-08T14:00:00+00:00,LONG,1.10537,1.1041314285714285,1.1078471428571428,0.8074
2024-01-08T18:00:00+00:00,LONG,1.10534,1.1044,1.1072199999999999,1.0638
2024-01-08T19:00:00+00:00,LONG,1.10514,1.1044,1.10662,1.3514
2024-01-08T20:00:00+00:00,LONG,1.10545,1.1044,1.10755,0.9524
2024-01-08T21:00:00+00:00,LONG,1.10523,1.1044,1.1068899999999997,1.2048
2024-01-08T22:00:00+00:00,LONG,1.10555,1.10454,1.10757,0.9901
2024-01-08T23:00:00+00:00,LONG,1.10572,1.10466,1.1078400000000002,0.9434
2024-01-09T00:00:00+00:00,LONG,1.10572,1.10466,1.1078400000000002,0.9434
2024-01-09T01:00:00+00:00,LONG,1.10576,1.10481,1.10766,1.0526
2024-01-09T02:00:00+00:00,LONG,1.10561,1.10481,1.1072099999999998,1.25
2024-01-09T03:00:00+00:00,LONG,1.1058,1.10481,1.1077799999999995,1.0101
2024-01-09T04:00:00+00:00,LONG,1.10571,1.10507,1.10699,1.5625
2024-01-09T05:00:00+00:00,LONG,1.10539,1.10501,1.1061500000000002,2.6316
2024-01-09T08:00:00+00:00,LONG,1.10569,1.10455,1.1079700000000003,0.8772
2024-01-09T09:00:00+00:00,LONG,1.10578,1.10455,1.1082400000000001,0.813
2024-01-09T10:00:00+00:00,LONG,1.1058,1.10455,1.1082999999999998,0.8
2024-01-09T11:00:00+00:00,LONG,1.10593,1.10488,1.10803,0.9524
2024-01-09T12:00:00+00:00,LONG,1.10638,1.1051071428571428,1.108925714285714,0.7856
2024-01-09T13:00:00+00:00,LONG,1.10649,1.1052471428571429,1.1089757142857142,0.8046
2024-01-10T14:00:00+00:00,LONG,1.10838,1.10795,1.1092399999999998,2.3256
2024-01-10T18:00:00+00:00,LONG,1.10813,1.10751,1.1093700000000002,1.6129
2024-01-10T23:00:00+00:00,LONG,1.10805,1.10739,1.1093699999999997,1.5152
2024-01-11T00:00:00+00:00,LONG,1.10826,1.10741,1.10996,1.1765
2024-01-11T01:00:00+00:00,LONG,1.10871,1.107564642857143,1.1110007142857141,0.8731
2024-01-11T02:00:00+00:00,LONG,1.10871,1.1075560714285715,1.1110178571428573,0.8666
2024-01-11T03:00:00+00:00,LONG,1.10856,1.10753,1.1106200000000002,0.9709
2024-01-11T05:00:00+00:00,LONG,1.10866,1.108,1.1099799999999997,1.5152
2024-01-11T06:00:00+00:00,LONG,1.10876,1.10808,1.11012,1.4706
2024-01-11T08:00:00+00:00,LONG,1.10857,1.10808,1.1095500000000003,2.0408
2024-01-11T09:00:00+00:00,LONG,1.10868,1.10821,1.1096200000000005,2.1277
2024-01-11T18:00:00+00:00,LONG,1.10973,1.10896,1.1112700000000004,1.2987
2024-01-11T19:00:00+00:00,LONG,1.10959,1.10896,1.1108500000000003,1.5873
2024-01-12T08:00:00+00:00,LONG,1.10915,1.107719642857143,1.1120107142857143,0.6991
2024-01-12T09:00:00+00:00,LONG,1.10885,1.1074110714285714,1.1117278571428568,0.695
2024-01-12T10:00:00+00:00,LONG,1.10879,1.107404642857143,1.111560714285714,0.7218
2024-01-12T12:00:00+00:00,LONG,1.10951,1.1080967857142858,1.1123364285714283,0.7076
2024-01-12T13:00:00+00:00,LONG,1.10927,1.10852,1.11077,1.3333
2024-01-12T14:00:00+00:00,LONG,1.10924,1.10852,1.1106800000000001,1.3889
2024-01-12T20:00:00+00:00,LONG,1.10927,1.10895,1.1099099999999997,3.125
2024-01-12T21:00:00+00:00,LONG,1.10924,1.10895,1.1098199999999998,3.4483
2024-01-12T22:00:00+00:00,LONG,1.10936,1.10895,1.1101799999999995,2.439
2024-01-12T23:00:00+00:00,LONG,1.10924,1.10895,1.1098199999999998,3.4483
2024-01-13T00:00:00+00:00,LONG,1.10943,1.10899,1.11031,2.2727
2024-01-13T01:00:00+00:00,LONG,1.10979,1.10899,1.1113900000000003,1.25
2024-01-13T02:00:00+00:00,LONG,1.10988,1.10899,1.11166,1.1236
2024-01-13T03:00:00+00:00,LONG,1.11004,1.1090049999999998,1.1121100000000002,0.9662
2024-01-13T08:00:00+00:00,LONG,1.11015,1.1094,1.11165,1.3333
2024-01-13T09:00:00+00:00,LONG,1.11083,1.1097532142857143,1.1129835714285714,0.9287
2024-01-13T10:00:00+00:00,LONG,1.11135,1.1101853571428573,1.1136792857142856,0.8586
2024-01-13T11:00:00+00:00,LONG,1.11152,1.11035,1.1138600000000003,0.8547
2024-01-13T18:00:00+00:00,LONG,1.11164,1.1106,1.1137199999999998,0.9615
2024-01-13T19:00:00+00:00,LONG,1.11183,1.1106,1.1142900000000002,0.813
2024-01-14T04:00:00+00:00,LONG,1.11219,1.11115,1.1142699999999999,0.9615
2024-01-14T05:00:00+00:00,LONG,1.11147,1.11115,1.1121099999999997,3.125
2024-01-14T06:00:00+00:00,LONG,1.11145,1.11108,1.11219,2.7027
2024-01-14T07:00:00+00:00,LONG,1.11155,1.1109,1.1128500000000001,1.5385
2024-01-14T08:00:00+00:00,LONG,1.11169,1.1109,1.1132700000000002,1.2658
2024-01-14T09:00:00+00:00,LONG,1.11163,1.1109,1.1130899999999997,1.3699
2024-01-14T12:00:00+00:00,LONG,1.11187,1.11082,1.11397,0.9524
2024-01-14T13:00:00+00:00,LONG,1.11146,1.11082,1.1127399999999998,1.5625
2024-01-14T14:00:00+00:00,LONG,1.11177,1.11082,1.11367,1.0526
2024-01-14T15:00:00+00:00,LONG,1.11172,1.11083,1.1135000000000002,1.1236
2024-01-14T16:00:00+00:00,LONG,1.11175,1.11083,1.11359,1.087
2024-01-14T19:00:00+00:00,LONG,1.11188,1.11088,1.1138799999999998,1.0
2024-01-14T20:00:00+00:00,LONG,1.1121,1.11088,1.11454,0.8197
2024-01-14T21:00:00+00:00,LONG,1.11267,1.1112889285714285,1.1154321428571432,0.7241
2024-01-14T22:00:00+00:00,LONG,1.11307,1.1116771428571428,1.1158557142857144,0.7179
2024-01-14T23:00:00+00:00,LONG,1.11326,1.1118114285714285,1.1161571428571428,0.6903
2024-01-16T00:00:00+00:00,LONG,1.11517,1.11478,1.1159499999999998,2.5641
2024-01-16T01:00:00+00:00,LONG,1.11531,1.11474,1.11645,1.7544
2024-01-16T02:00:00+00:00,LONG,1.11571,1.11474,1.1176499999999998,1.0309
2024-01-16T03:00:00+00:00,LONG,1.11594,1.1147817857142857,1.1182564285714285,0.8634
2024-01-16T04:00:00+00:00,LONG,1.11531,1.11474,1.11645,1.7544
2024-01-16T05:00:00+00:00,LONG,1.11545,1.11474,1.11687,1.4085
2024-01-16T06:00:00+00:00,LONG,1.11552,1.11491,1.11674,1.6393
2024-01-16T07:00:00+00:00,LONG,1.11569,1.115,1.1170700000000002,1.4493
2024-01-16T08:00:00+00:00,LONG,1.11623,1.115,1.1186900000000002,0.813
2024-01-16T09:00:00+00:00,LONG,1.11566,1.115,1.1169800000000003,1.5152
2024-01-16T10:00:00+00:00,LONG,1.11553,1.1152,1.1161899999999998,3.0303
2024-01-16T11:00:00+00:00,LONG,1.11576,1.11523,1.1168200000000004,1.8868
2024-01-16T13:00:00+00:00,LONG,1.11583,1.11508,1.1173300000000002,1.3333
2024-01-16T14:00:00+00:00,LONG,1.11599,1.11508,1.11781,1.0989
2024-01-16T15:00:00+00:00,LONG,1.11629,1.11508,1.1187099999999999,0.8264
2024-01-16T17:00:00+00:00,LONG,1.11646,1.11523,1.1189200000000001,0.813
2024-01-16T18:00:00+00:00,LONG,1.11683,1.115575357142857,1.1193392857142859,0.797
2024-01-17T10:00:00+00:00,LONG,1.11786,1.11702,1.1195400000000004,1.1905
2024-01-17T11:00:00+00:00,LONG,1.11831,1.1171207142857142,1.1206885714285713,0.8408
2024-01-18T02:00:00+00:00,LONG,1.1191,1.11832,1.12066,1.2821
2024-01-18T03:00:00+00:00,LONG,1.1193,1.11832,1.12126,1.0204
2024-01-18T04:00:00+00:00,LONG,1.11944,1.11832,1.12168,0.8929
2024-01-18T05:00:00+00:00,LONG,1.11906,1.11832,1.1205399999999999,1.3514
2024-01-18T11:00:00+00:00,LONG,1.11893,1.11798,1.12083,1.0526
2024-01-18T12:00:00+00:00,LONG,1.11921,1.11802,1.12159,0.8403
2024-01-18T13:00:00+00:00,LONG,1.11933,1.1180871428571428,1.1218157142857141,0.8046
2024-01-18T14:00:00+00:00,LONG,1.11954,1.1182617857142856,1.1220964285714288,0.7823
2024-01-18T15:00:00+00:00,LONG,1.11938,1.11855,1.1210400000000003,1.2048
2024-01-18T16:00:00+00:00,LONG,1.11937,1.11855,1.12101,1.2195
2024-01-18T17:00:00+00:00,LONG,1.11948,1.11881,1.12082,1.4925
2024-01-18T18:00:00+00:00,LONG,1.11978,1.11898,1.1213799999999998,1.25
2024-01-18T19:00:00+00:00,LONG,1.11971,1.11901,1.1211099999999998,1.4286
2024-01-19T09:00:00+00:00,LONG,1.11929,1.1179742857142856,1.1219214285714285,0.76
2024-01-19T10:00:00+00:00,LONG,1.11932,1.118015,1.1219300000000003,0.7663
2024-01-19T11:00:00+00:00,LONG,1.11978,1.1184492857142856,1.1224414285714288,0.7515
2024-01-19T12:00:00+00:00,LONG,1.11985,1.1185417857142856,1.1224664285714288,0.7644
2024-01-19T19:00:00+00:00,LONG,1.11971,1.1184521428571428,1.1222257142857144,0.795
2024-01-19T20:00:00+00:00,LONG,1.11935,1.1184,1.12125,1.0526
2024-01-19T21:00:00+00:00,LONG,1.11952,1.1184,1.12176,0.8929
2024-01-19T23:00:00+00:00,LONG,1.11945,1.11877,1.12081,1.4706
2024-01-20T00:00:00+00:00,LONG,1.11946,1.11894,1.1204999999999996,1.9231
2024-01-20T02:00:00+00:00,LONG,1.11929,1.11849,1.1208899999999997,1.25
2024-01-20T10:00:00+00:00,LONG,1.11911,1.11819,1.1209500000000001,1.087
2024-01-20T11:00:00+00:00,LONG,1.11955,1.1184185714285715,1.1218128571428572,0.8838
2024-01-20T12:00:00+00:00,LONG,1.1195,1.11855,1.1214,1.0526
2024-01-20T14:00:00+00:00,LONG,1.11948,1.11855,1.1213400000000002,1.0753
2024-01-20T15:00:00+00:00,LONG,1.11943,1.11859,1.1211099999999998,1.1905
2024-01-20T16:00:00+00:00,LONG,1.11981,1.1186978571428572,1.1220342857142855,0.8992
2024-01-20T17:00:00+00:00,LONG,1.11998,1.1188442857142857,1.1222514285714285,0.8805
2024-01-20T18:00:00+00:00,LONG,1.11999,1.1188425,1.1222850000000002,0.8715
2024-01-21T11:00:00+00:00,LONG,1.12115,1.12016,1.1231300000000002,1.0101
2024-01-21T12:00:00+00:00,LONG,1.12153,1.1202003571428572,1.1241892857142854,0.7521
2024-01-21T13:00:00+00:00,LONG,1.12129,1.12016,1.1235499999999996,0.885
2024-01-21T14:00:00+00:00,LONG,1.12144,1.12025,1.12382,0.8403
2024-01-21T15:00:00+00:00,LONG,1.12137,1.12038,1.12335,1.0101
2024-01-21T16:00:00+00:00,LONG,1.12134,1.12042,1.12318,1.087
2024-01-21T18:00:00+00:00,LONG,1.12168,1.12092,1.1232000000000002,1.3158
2024-01-21T19:00:00+00:00,LONG,1.12163,1.12092,1.1230499999999999,1.4085
2024-01-21T20:00:00+00:00,LONG,1.12199,1.12092,1.1241300000000003,0.9346
2024-01-21T22:00:00+00:00,LONG,1.12175,1.12092,1.1234100000000002,1.2048
2024-01-21T23:00:00+00:00,LONG,1.12258,1.1212085714285713,1.125322857142857,0.7292
2024-01-22T20:00:00+00:00,LONG,1.12349,1.1224,1.1256700000000002,0.9174
2024-01-22T21:00:00+00:00,LONG,1.12381,1.1225435714285714,1.126342857142857,0.7896
2024-01-22T22:00:00+00:00,LONG,1.12364,1.1224,1.1261199999999998,0.8065
2024-01-23T03:00:00+00:00,LONG,1.12325,1.12196,1.12583,0.7752
2024-01-23T05:00:00+00:00,LONG,1.12332,1.12196,1.1260400000000002,0.7353
2024-01-23T10:00:00+00:00,LONG,1.12325,1.1224,1.1249500000000001,1.1765
2024-01-23T11:00:00+00:00,LONG,1.12341,1.1224,1.12543,0.9901
2024-01-23T12:00:00+00:00,LONG,1.12366,1.1224321428571429,1.1261157142857146,0.8144
2024-01-23T13:00:00+00:00,LONG,1.1235,1.1224,1.1256999999999997,0.9091
2024-01-23T14:00:00+00:00,LONG,1.12382,1.1226982142857143,1.1260635714285716,0.8914
2024-01-23T15:00:00+00:00,LONG,1.12436,1.1232382142857142,1.1266035714285716,0.8914
2024-01-23T19:00:00+00:00,LONG,1.12434,1.12354,1.1259399999999997,1.25
2024-01-23T20:00:00+00:00,LONG,1.12481,1.1236625,1.1271050000000002,0.8715
2024-01-24T08:00:00+00:00,LONG,1.12547,1.1249,1.12661,1.7544
2024-01-24T09:00:00+00:00,LONG,1.12587,1.1249,1.1278099999999998,1.0309
2024-01-24T21:00:00+00:00,LONG,1.12483,1.123645,1.1272,0.8439
2024-01-24T22:00:00+00:00,LONG,1.12499,1.123835,1.1273,0.8658
2024-01-24T23:00:00+00:00,LONG,1.12521,1.1240539285714286,1.127522142857143,0.865
2024-01-25T00:00:00+00:00,LONG,1.12535,1.1242464285714286,1.127557142857143,0.9061
2024-01-25T01:00:00+00:00,LONG,1.12601,1.1248378571428572,1.1283542857142854,0.8531
2024-01-25T10:00:00+00:00,LONG,1.12526,1.12453,1.1267199999999997,1.3699
2024-01-25T12:00:00+00:00,LONG,1.1254,1.12453,1.1271399999999998,1.1494
2024-01-25T13:00:00+00:00,LONG,1.12567,1.1245932142857142,1.1278235714285714,0.9287
2024-01-25T14:00:00+00:00,LONG,1.12567,1.12468,1.12765,1.0101
2024-01-25T15:00:00+00:00,LONG,1.12553,1.12468,1.12723,1.1765
2024-01-25T16:00:00+00:00,LONG,1.12574,1.1247071428571427,1.1278057142857145,0.9682
2024-01-25T17:00:00+00:00,LONG,1.12585,1.12516,1.1272300000000002,1.4493
2024-01-25T18:00:00+00:00,LONG,1.12546,1.12519,1.126,3.7037
2024-01-25T19:00:00+00:00,LONG,1.12549,1.12506,1.1263500000000004,2.3256
2024-01-25T20:00:00+00:00,LONG,1.12562,1.12504,1.1267800000000001,1.7241
2024-01-25T22:00:00+00:00,LONG,1.12551,1.12503,1.12647,2.0833
2024-01-26T00:00:00+00:00,LONG,1.12557,1.12488,1.1269499999999997,1.4493
2024-01-26T01:00:00+00:00,LONG,1.126,1.12488,1.1282399999999995,0.8929
2024-01-26T02:00:00+00:00,LONG,1.12597,1.12488,1.1281499999999995,0.9174
2024-01-26T03:00:00+00:00,LONG,1.12613,1.1249278571428571,1.128534285714286,0.8318
2024-01-26T09:00:00+00:00,LONG,1.12577,1.12465,1.12801,0.8929
2024-01-26T10:00:00+00:00,LONG,1.12546,1.12465,1.1270799999999999,1.2346
2024-01-26T13:00:00+00:00,LONG,1.12592,1.12493,1.1279000000000001,1.0101
2024-01-26T14:00:00+00:00,LONG,1.1256,1.12501,1.1267799999999997,1.6949
2024-01-26T15:00:00+00:00,LONG,1.12572,1.12501,1.12714,1.4085
2024-01-26T16:00:00+00:00,LONG,1.12632,1.12501,1.1289399999999998,0.7634
2024-01-26T17:00:00+00:00,LONG,1.12587,1.12509,1.12743,1.2821
2024-01-26T21:00:00+00:00,LONG,1.12565,1.1252,1.1265500000000002,2.2222
2024-01-26T22:00:00+00:00,LONG,1.12577,1.1252,1.1269099999999999,1.7544
2024-01-27T02:00:00+00:00,LONG,1.1258,1.12489,1.1276199999999998,1.0989
2024-01-27T03:00:00+00:00,LONG,1.12567,1.12489,1.12723,1.2821
2024-01-27T05:00:00+00:00,LONG,1.12574,1.1251,1.12702,1.5625
2024-01-27T06:00:00+00:00,LONG,1.12602,1.1251,1.12786,1.087
2024-01-27T07:00:00+00:00,LONG,1.1262,1.1251,1.1284000000000003,0.9091
2024-01-27T08:00:00+00:00,LONG,1.12574,1.1251,1.12702,1.5625
2024-01-27T09:00:00+00:00,LONG,1.12596,1.1251,1.1276800000000002,1.1628
2024-01-27T11:00:00+00:00,LONG,1.12582,1.125,1.1274600000000001,1.2195
2024-01-27T19:00:00+00:00,LONG,1.12583,1.12486,1.1277700000000004,1.0309
2024-01-27T20:00:00+00:00,LONG,1.12575,1.12498,1.12729,1.2987
2024-01-27T21:00:00+00:00,LONG,1.12581,1.12498,1.1274699999999998,1.2048
2024-01-27T22:00:00+00:00,LONG,1.12594,1.12498,1.1278599999999996,1.0417
2024-01-27T23:00:00+00:00,LONG,1.12581,1.12511,1.1272099999999998,1.4286
2024-01-28T00:00:00+00:00,LONG,1.126,1.12537,1.1272599999999997,1.5873
2024-01-28T01:00:00+00:00,LONG,1.12589,1.12537,1.1269300000000002,1.9231
2024-01-28T02:00:00+00:00,LONG,1.12581,1.12537,1.12669,2.2727
2024-01-28T03:00:00+00:00,LONG,1.12627,1.12554,1.1277300000000003,1.3699
2024-01-28T04:00:00+00:00,LONG,1.12601,1.12554,1.12695,2.1277
2024-01-28T06:00:00+00:00,LONG,1.12587,1.12508,1.1274499999999996,1.2658
2024-01-28T07:00:00+00:00,LONG,1.12669,1.125469642857143,1.129130714285714,0.8194
2024-01-28T08:00:00+00:00,LONG,1.12661,1.1254057142857143,1.129018571428571,0.8304
2024-01-28T09:00:00+00:00,LONG,1.12608,1.12508,1.1280799999999997,1.0
2024-01-28T10:00:00+00:00,LONG,1.12604,1.12516,1.1278,1.1364
2024-01-28T11:00:00+00:00,LONG,1.126,1.12566,1.1266799999999995,2.9412
2024-01-28T12:00:00+00:00,LONG,1.126,1.12566,1.1266799999999995,2.9412
2024-01-28T14:00:00+00:00,LONG,1.12594,1.12543,1.12696,1.9608
2024-01-28T15:00:00+00:00,LONG,1.12614,1.12543,1.12756,1.4085
2024-01-28T17:00:00+00:00,LONG,1.12601,1.12543,1.12717,1.7241
2024-01-28T18:00:00+00:00,LONG,1.12667,1.12543,1.1291500000000003,0.8065
2024-01-28T19:00:00+00:00,LONG,1.12677,1.1255485714285716,1.129212857142857,0.8187
2024-01-28T20:00:00+00:00,LONG,1.12672,1.1255542857142857,1.1290514285714284,0.8578
2024-01-29T01:00:00+00:00,LONG,1.12653,1.12603,1.12753,2.0
2024-01-29T02:00:00+00:00,LONG,1.12713,1.12603,1.1293299999999997,0.9091
2024-01-29T03:00:00+00:00,LONG,1.12713,1.12603,1.1293299999999997,0.9091
2024-01-29T04:00:00+00:00,LONG,1.12768,1.1264125,1.130215,0.789
2024-01-29T13:00:00+00:00,LONG,1.12762,1.12688,1.1291,1.3514
2024-01-29T14:00:00+00:00,LONG,1.1274,1.12665,1.1289,1.3333
2024-01-29T15:00:00+00:00,LONG,1.12734,1.12665,1.1287200000000002,1.4493
2024-01-29T16:00:00+00:00,LONG,1.12737,1.12665,1.12881,1.3889
2024-01-30T04:00:00+00:00,LONG,1.12697,1.125644642857143,1.1296207142857142,0.7545
2024-01-30T05:00:00+00:00,LONG,1.12714,1.1257857142857144,1.1298485714285713,0.7384
2024-01-30T06:00:00+00:00,LONG,1.12731,1.1259310714285715,1.130067857142857,0.7252
2024-01-31T13:00:00+00:00,LONG,1.12742,1.12671,1.12884,1.4085
2024-01-31T14:00:00+00:00,LONG,1.12746,1.12671,1.1289599999999995,1.3333
2024-01-31T15:00:00+00:00,LONG,1.12772,1.12671,1.12974,0.9901
2024-01-31T16:00:00+00:00,LONG,1.12746,1.12671,1.1289599999999995,1.3333
2024-01-31T17:00:00+00:00,LONG,1.12751,1.12671,1.1291099999999998,1.25
2024-01-31T18:00:00+00:00,LONG,1.12749,1.12703,1.1284100000000004,2.1739
2024-01-31T21:00:00+00:00,SHORT,1.12702,1.1278,1.12546,1.2821
2024-01-31T22:00:00+00:00,SHORT,1.12696,1.1278,1.12528,1.1905
2024-02-01T02:00:00+00:00,SHORT,1.12648,1.12744,1.1245599999999998,1.0417
2024-02-01T03:00:00+00:00,SHORT,1.12608,1.1272435714285713,1.1237528571428572,0.8594
2024-02-01T04:00:00+00:00,SHORT,1.12585,1.127005,1.12354,0.8658
2024-02-01T08:00:00+00:00,SHORT,1.12647,1.12701,1.1253900000000001,1.8519
2024-02-01T09:00:00+00:00,SHORT,1.12618,1.12701,1.1245199999999997,1.2048
2024-02-01T10:00:00+00:00,SHORT,1.12636,1.12701,1.12506,1.5385
2024-02-01T12:00:00+00:00,SHORT,1.12665,1.12743,1.12509,1.2821
2024-02-01T13:00:00+00:00,SHORT,1.12664,1.12743,1.1250600000000004,1.2658
2024-02-01T19:00:00+00:00,SHORT,1.12639,1.1276382142857142,1.1238935714285716,0.8011
2024-02-01T20:00:00+00:00,SHORT,1.12674,1.12792,1.1243800000000002,0.8475
2024-02-01T23:00:00+00:00,SHORT,1.12638,1.12765,1.1238399999999997,0.7874
2024-02-02T00:00:00+00:00,SHORT,1.12646,1.12765,1.12408,0.8403
2024-02-02T09:00:00+00:00,LONG,1.12773,1.12677,1.1296499999999996,1.0417
2024-02-02T10:00:00+00:00,LONG,1.12831,1.1270071428571427,1.1309157142857145,0.7675
2024-02-02T11:00:00+00:00,LONG,1.1287,1.1274303571428572,1.1312392857142857,0.7876
2024-02-03T01:00:00+00:00,LONG,1.13023,1.12915,1.13239,0.9259
2024-02-03T02:00:00+00:00,LONG,1.1308,1.1294242857142858,1.1335514285714285,0.7269
2024-02-03T03:00:00+00:00,LONG,1.13126,1.1298435714285713,1.1340928571428572,0.706
2024-02-04T00:00:00+00:00,LONG,1.13226,1.13186,1.13306,2.5
2024-02-04T01:00:00+00:00,LONG,1.13242,1.13186,1.1335399999999998,1.7857
2024-02-04T04:00:00+00:00,LONG,1.1323,1.13138,1.1341400000000001,1.087
2024-02-04T05:00:00+00:00,LONG,1.13267,1.131472142857143,1.1350657142857141,0.8348
2024-02-04T06:00:00+00:00,LONG,1.13302,1.1317835714285713,1.135492857142857,0.8088
2024-02-04T10:00:00+00:00,LONG,1.13276,1.13219,1.1339,1.7544
2024-02-04T11:00:00+00:00,LONG,1.13292,1.13226,1.1342399999999997,1.5152
2024-02-04T22:00:00+00:00,LONG,1.13325,1.13303,1.1336900000000003,4.5455
2024-02-04T23:00:00+00:00,LONG,1.13339,1.13303,1.1341099999999997,2.7778
2024-02-05T00:00:00+00:00,LONG,1.13332,1.13303,1.1339000000000004,3.4483
2024-02-05T01:00:00+00:00,LONG,1.13345,1.13303,1.1342900000000002,2.381
2024-02-05T02:00:00+00:00,LONG,1.13358,1.13309,1.1345600000000002,2.0408
2024-02-05T05:00:00+00:00,LONG,1.13367,1.13285,1.13531,1.2195
2024-02-05T06:00:00+00:00,LONG,1.13337,1.13271,1.1346899999999998,1.5152
2024-02-05T22:00:00+00:00,LONG,1.13305,1.131765357142857,1.1356192857142857,0.7784
2024-02-05T23:00:00+00:00,LONG,1.133,1.131745357142857,1.1355092857142859,0.797
2024-02-06T00:00:00+00:00,LONG,1.13362,1.1322967857142858,1.1362664285714286,0.7557
2024-02-06T01:00:00+00:00,LONG,1.13368,1.1324017857142858,1.1362364285714284,0.7823
2024-02-06T02:00:00+00:00,LONG,1.13426,1.1329528571428573,1.1368742857142855,0.765
2024-02-06T22:00:00+00:00,LONG,1.13588,1.13538,1.13688,2.0
2024-02-06T23:00:00+00:00,LONG,1.13596,1.13538,1.1371200000000001,1.7241
2024-02-07T00:00:00+00:00,LONG,1.1358,1.13538,1.1366399999999997,2.381
2024-02-07T01:00:00+00:00,LONG,1.1361,1.13538,1.1375400000000002,1.3889
2024-02-07T02:00:00+00:00,LONG,1.13574,1.13538,1.1364599999999998,2.7778
2024-02-07T06:00:00+00:00,LONG,1.13572,1.1351,1.1369600000000002,1.6129
2024-02-07T08:00:00+00:00,LONG,1.13573,1.13509,1.1370099999999999,1.5625
2024-02-07T09:00:00+00:00,LONG,1.1358,1.13509,1.13722,1.4085
2024-02-07T17:00:00+00:00,LONG,1.13529,1.13433,1.1372099999999996,1.0417
2024-02-08T02:00:00+00:00,SHORT,1.13354,1.1346435714285714,1.1313328571428571,0.9061
2024-02-08T10:00:00+00:00,SHORT,1.13357,1.13422,1.1322699999999999,1.5385
2024-02-08T11:00:00+00:00,SHORT,1.13316,1.13422,1.1310399999999998,0.9434
2024-02-08T16:00:00+00:00,SHORT,1.1338,1.13443,1.1325399999999997,1.5873
2024-02-08T21:00:00+00:00,SHORT,1.13392,1.13516,1.1314400000000002,0.8065
2024-02-08T22:00:00+00:00,SHORT,1.13374,1.13495,1.13132,0.8264
2024-02-08T23:00:00+00:00,SHORT,1.13391,1.1348,1.1321299999999999,1.1236
2024-02-09T05:00:00+00:00,LONG,1.13542,1.1339521428571429,1.1383557142857146,0.6813
2024-02-09T12:00:00+00:00,LONG,1.13508,1.13467,1.1359000000000001,2.439
2024-02-09T13:00:00+00:00,LONG,1.13569,1.13467,1.1377300000000001,0.9804
2024-02-09T14:00:00+00:00,LONG,1.13569,1.13473,1.1376100000000002,1.0417
2024-02-09T15:00:00+00:00,LONG,1.13587,1.13473,1.1381499999999998,0.8772
2024-02-10T21:00:00+00:00,LONG,1.13794,1.1367,1.1404199999999998,0.8065
2024-02-10T22:00:00+00:00,LONG,1.13799,1.1367,1.14057,0.7752
2024-02-10T23:00:00+00:00,LONG,1.13816,1.13674,1.141,0.7042
2024-02-11T01:00:00+00:00,LONG,1.13878,1.1373346428571427,1.1416707142857143,0.6919
2024-02-11T02:00:00+00:00,LONG,1.13853,1.13749,1.1406100000000003,0.9615
2024-02-11T07:00:00+00:00,LONG,1.13803,1.13763,1.1388300000000005,2.5
2024-02-11T08:00:00+00:00,LONG,1.13836,1.13735,1.14038,0.9901
2024-02-11T09:00:00+00:00,LONG,1.13842,1.13735,1.1405599999999998,0.9346
2024-02-11T10:00:00+00:00,LONG,1.13838,1.13735,1.1404399999999997,0.9709
2024-02-11T11:00:00+00:00,LONG,1.1384,1.13735,1.1405,0.9524
2024-02-11T12:00:00+00:00,LONG,1.13852,1.13735,1.1408599999999998,0.8547
2024-02-11T13:00:00+00:00,LONG,1.13875,1.13794,1.1403699999999999,1.2346
2024-02-11T14:00:00+00:00,LONG,1.1385,1.13794,1.1396200000000003,1.7857
2024-02-11T16:00:00+00:00,LONG,1.13862,1.13769,1.1404799999999997,1.0753
2024-02-11T17:00:00+00:00,LONG,1.13855,1.13769,1.1402699999999997,1.1628
2024-02-11T19:00:00+00:00,LONG,1.13836,1.1376,1.1398800000000002,1.3158
2024-02-11T20:00:00+00:00,LONG,1.13854,1.1376,1.1404200000000004,1.0638
2024-02-11T23:00:00+00:00,LONG,1.13852,1.13769,1.1401799999999997,1.2048
2024-02-12T00:00:00+00:00,LONG,1.13869,1.13786,1.1403499999999998,1.2048
2024-02-12T01:00:00+00:00,LONG,1.13893,1.13786,1.1410699999999998,0.9346
2024-02-12T02:00:00+00:00,LONG,1.13856,1.13786,1.1399599999999999,1.4286
2024-02-12T03:00:00+00:00,LONG,1.1387,1.13786,1.14038,1.1905
2024-02-12T04:00:00+00:00,LONG,1.13866,1.13816,1.13966,2.0
2024-02-12T05:00:00+00:00,LONG,1.13857,1.13818,1.1393500000000003,2.5641
2024-02-12T06:00:00+00:00,LONG,1.13888,1.13818,1.1402799999999997,1.4286
2024-02-12T07:00:00+00:00,LONG,1.13937,1.13818,1.14175,0.8403
2024-02-12T08:00:00+00:00,LONG,1.13996,1.1387160714285716,1.1424478571428571,0.8039
2024-02-13T08:00:00+00:00,LONG,1.14136,1.14083,1.1424199999999998,1.8868
2024-02-13T11:00:00+00:00,LONG,1.14151,1.14083,1.14287,1.4706
2024-02-13T12:00:00+00:00,LONG,1.14166,1.14083,1.1433199999999997,1.2048
2024-02-13T13:00:00+00:00,LONG,1.1418,1.14098,1.1434399999999996,1.2195
2024-02-13T14:00:00+00:00,LONG,1.14198,1.14098,1.1439799999999998,1.0
2024-02-13T15:00:00+00:00,LONG,1.14221,1.14115,1.1443299999999996,0.9434
2024-02-13T17:00:00+00:00,LONG,1.14157,1.14111,1.1424899999999998,2.1739
2024-02-13T21:00:00+00:00,LONG,1.14144,1.14056,1.1432,1.1364
2024-02-13T22:00:00+00:00,LONG,1.14185,1.1407603571428573,1.1440292857142855,0.9177
2024-02-13T23:00:00+00:00,LONG,1.14196,1.1408435714285716,1.144192857142857,0.8957
2024-02-14T00:00:00+00:00,LONG,1.14186,1.14085,1.1438800000000005,0.9901
2024-02-14T01:00:00+00:00,LONG,1.14205,1.1409207142857143,1.1443085714285715,0.8855
2024-02-14T04:00:00+00:00,LONG,1.14234,1.14155,1.1439199999999996,1.2658
2024-02-14T05:00:00+00:00,LONG,1.14222,1.14155,1.14356,1.4925
2024-02-14T16:00:00+00:00,LONG,1.14269,1.14244,1.1431900000000002,4.0
2024-02-14T17:00:00+00:00,LONG,1.14287,1.14235,1.1439100000000002,1.9231
2024-02-14T18:00:00+00:00,LONG,1.14255,1.14233,1.1429899999999997,4.5455
2024-02-14T19:00:00+00:00,LONG,1.14254,1.14202,1.1435799999999996,1.9231
2024-02-14T20:00:00+00:00,LONG,1.14262,1.14202,1.1438199999999998,1.6667
2024-02-14T21:00:00+00:00,LONG,1.14341,1.1422710714285715,1.145687857142857,0.878
2024-02-14T22:00:00+00:00,LONG,1.14304,1.14202,1.14508,0.9804
2024-02-14T23:00:00+00:00,LONG,1.14353,1.1423085714285715,1.145972857142857,0.8187
2024-02-15T00:00:00+00:00,LONG,1.14363,1.1423925,1.146105,0.8081
2024-02-15T01:00:00+00:00,LONG,1.1438,1.1426085714285714,1.146182857142857,0.8393
2024-02-15T02:00:00+00:00,LONG,1.14389,1.14269,1.1462900000000003,0.8333
2024-02-15T12:00:00+00:00,LONG,1.14515,1.1439724999999998,1.147505,0.8493
2024-02-15T13:00:00+00:00,LONG,1.14518,1.1440400000000002,1.14746,0.8772
2024-02-15T20:00:00+00:00,LONG,1.14478,1.1435714285714285,1.1471971428571428,0.8274
2024-02-15T21:00:00+00:00,LONG,1.14567,1.1444089285714285,1.1481921428571429,0.793
2024-02-15T22:00:00+00:00,LONG,1.14554,1.1442939285714286,1.1480321428571427,0.8025
2024-02-16T08:00:00+00:00,LONG,1.14587,1.14533,1.14695,1.8519
2024-02-16T09:00:00+00:00,LONG,1.14584,1.14533,1.14686,1.9608
2024-02-16T10:00:00+00:00,LONG,1.14571,1.14533,1.14647,2.6316
2024-02-16T11:00:00+00:00,LONG,1.14577,1.14521,1.1468899999999997,1.7857
2024-02-16T12:00:00+00:00,LONG,1.14605,1.14521,1.14773,1.1905
2024-02-16T13:00:00+00:00,LONG,1.14616,1.14521,1.14806,1.0526
2024-02-16T14:00:00+00:00,LONG,1.14601,1.14521,1.1476099999999998,1.25
2024-02-16T16:00:00+00:00,LONG,1.14695,1.1457339285714285,1.1493821428571427,0.8223
2024-02-16T17:00:00+00:00,LONG,1.14715,1.1459296428571428,1.149590714285714,0.8194
2024-02-18T05:00:00+00:00,LONG,1.14976,1.14909,1.1510999999999998,1.4925
2024-02-18T06:00:00+00:00,LONG,1.14976,1.14909,1.1510999999999998,1.4925
2024-02-18T07:00:00+00:00,LONG,1.1502,1.1491660714285714,1.1522678571428568,0.9672
2024-02-18T08:00:00+00:00,LONG,1.15027,1.1492596428571429,1.152290714285714,0.9897
2024-02-18T09:00:00+00:00,LONG,1.15033,1.1493132142857143,1.1523635714285716,0.9835
2024-02-18T11:00:00+00:00,LONG,1.1504,1.1492857142857145,1.1526285714285713,0.8974
2024-02-18T12:00:00+00:00,LONG,1.15097,1.1498535714285716,1.153202857142857,0.8957
2024-02-18T13:00:00+00:00,LONG,1.15032,1.14944,1.15208,1.1364
2024-02-18T17:00:00+00:00,LONG,1.14997,1.14934,1.1512299999999998,1.5873
2024-02-18T18:00:00+00:00,LONG,1.15016,1.14934,1.1518000000000002,1.2195
2024-02-18T19:00:00+00:00,LONG,1.1501,1.14934,1.1516199999999996,1.3158
2024-02-18T20:00:00+00:00,LONG,1.15045,1.14948,1.1523899999999998,1.0309
2024-02-18T21:00:00+00:00,LONG,1.15081,1.14948,1.1534700000000002,0.7519
2024-02-18T22:00:00+00:00,LONG,1.15092,1.1495775,1.153605,0.7449
2024-02-19T15:00:00+00:00,LONG,1.15122,1.149942857142857,1.1537742857142859,0.783
2024-02-19T16:00:00+00:00,LONG,1.15115,1.149917857142857,1.1536142857142857,0.8116
2024-02-19T17:00:00+00:00,LONG,1.15109,1.1498385714285713,1.1535928571428573,0.7991
2024-02-19T18:00:00+00:00,LONG,1.1508,1.14959,1.1532200000000004,0.8264
2024-02-20T07:00:00+00:00,SHORT,1.14989,1.15056,1.1485500000000002,1.4925
2024-02-20T08:00:00+00:00,SHORT,1.14994,1.15056,1.1486999999999998,1.6129
2024-02-20T09:00:00+00:00,SHORT,1.14958,1.15056,1.14762,1.0204
2024-02-20T10:00:00+00:00,SHORT,1.14953,1.15056,1.1474699999999998,0.9709
2024-02-20T11:00:00+00:00,SHORT,1.14969,1.15056,1.1479500000000002,1.1494
2024-02-20T13:00:00+00:00,SHORT,1.14993,1.15054,1.14871,1.6393
2024-02-20T15:00:00+00:00,LONG,1.1508,1.1496300000000002,1.1531399999999998,0.8547
2024-02-20T16:00:00+00:00,LONG,1.15077,1.1496439285714286,1.153022142857143,0.888
2024-02-21T08:00:00+00:00,LONG,1.15181,1.15079,1.15385,0.9804
2024-02-21T09:00:00+00:00,LONG,1.15195,1.15079,1.1542700000000001,0.8621
2024-02-21T10:00:00+00:00,LONG,1.15226,1.1510128571428573,1.1547542857142856,0.8018
2024-02-22T00:00:00+00:00,SHORT,1.15062,1.15144,1.14898,1.2195
2024-02-22T03:00:00+00:00,LONG,1.15097,1.15033,1.15225,1.5625
2024-02-22T04:00:00+00:00,LONG,1.15119,1.15033,1.1529099999999997,1.1628
2024-02-22T05:00:00+00:00,LONG,1.15141,1.15042,1.1533900000000001,1.0101
2024-02-22T06:00:00+00:00,LONG,1.15129,1.15042,1.1530299999999998,1.1494
2024-02-22T07:00:00+00:00,LONG,1.15101,1.15065,1.1517300000000004,2.7778
2024-02-22T10:00:00+00:00,LONG,1.15093,1.15033,1.1521299999999999,1.6667
2024-02-22T13:00:00+00:00,LONG,1.15102,1.15024,1.15258,1.2821
2024-02-22T14:00:00+00:00,LONG,1.15125,1.15024,1.1532700000000005,0.9901
2024-02-22T15:00:00+00:00,LONG,1.15177,1.150549642857143,1.154210714285714,0.8194
2024-02-22T16:00:00+00:00,LONG,1.1522,1.1509764285714286,1.1546471428571425,0.8173
2024-02-23T02:00:00+00:00,LONG,1.15219,1.15151,1.15355,1.4706
2024-02-23T03:00:00+00:00,LONG,1.15269,1.15151,1.15505,0.8475
2024-02-23T04:00:00+00:00,LONG,1.1525,1.15151,1.1544800000000002,1.0101
2024-02-23T05:00:00+00:00,LONG,1.15264,1.15151,1.1549000000000003,0.885
2024-02-23T09:00:00+00:00,LONG,1.15266,1.15183,1.1543200000000002,1.2048
2024-02-23T10:00:00+00:00,LONG,1.15323,1.1519860714285715,1.155717857142857,0.8039
2024-02-23T11:00:00+00:00,LONG,1.15313,1.1518592857142858,1.1556714285714285,0.787
2024-02-23T12:00:00+00:00,LONG,1.15348,1.1522103571428572,1.1560192857142857,0.7876
2024-02-24T11:00:00+00:00,LONG,1.15545,1.15476,1.1568300000000002,1.4493
2024-02-24T12:00:00+00:00,LONG,1.15551,1.15476,1.15701,1.3333
2024-02-24T13:00:00+00:00,LONG,1.15564,1.15476,1.1574,1.1364
2024-02-24T14:00:00+00:00,LONG,1.15529,1.15476,1.1563499999999998,1.8868
2024-02-24T15:00:00+00:00,LONG,1.15533,1.15482,1.15635,1.9608
2024-02-24T16:00:00+00:00,LONG,1.15599,1.15482,1.1583300000000003,0.8547
2024-02-24T17:00:00+00:00,LONG,1.15628,1.1549021428571429,1.1590357142857142,0.7258
2024-02-24T18:00:00+00:00,LONG,1.15638,1.1550235714285715,1.159092857142857,0.7372
2024-02-24T22:00:00+00:00,LONG,1.15577,1.15534,1.1566299999999998,2.3256
2024-02-24T23:00:00+00:00,LONG,1.15608,1.15534,1.15756,1.3514
2024-02-25T00:00:00+00:00,LONG,1.15565,1.15534,1.1562700000000001,3.2258
2024-02-25T22:00:00+00:00,SHORT,1.15417,1.15489,1.1527299999999998,1.3889
2024-02-26T01:00:00+00:00,SHORT,1.15428,1.1554,1.15204,0.8929
2024-02-26T02:00:00+00:00,SHORT,1.15432,1.1554,1.15216,0.9259
2024-02-26T03:00:00+00:00,SHORT,1.1539,1.1550882142857142,1.1515235714285714,0.8416
2024-02-26T04:00:00+00:00,SHORT,1.15402,1.15484,1.15238,1.2195
2024-02-26T07:00:00+00:00,SHORT,1.15407,1.15485,1.15251,1.2821
2024-02-26T08:00:00+00:00,SHORT,1.15408,1.15485,1.1525400000000001,1.2987
2024-02-26T10:00:00+00:00,SHORT,1.15384,1.1549,1.1517199999999999,0.9434
2024-02-26T11:00:00+00:00,SHORT,1.15357,1.1549,1.1509099999999999,0.7519
2024-02-26T12:00:00+00:00,SHORT,1.15388,1.1549,1.15184,0.9804
2024-02-26T13:00:00+00:00,SHORT,1.15401,1.1549,1.1522299999999999,1.1236
2024-02-26T17:00:00+00:00,LONG,1.15523,1.1538071428571428,1.1580757142857143,0.7028
2024-02-27T02:00:00+00:00,LONG,1.15678,1.1554717857142855,1.1593964285714287,0.7644
2024-02-27T03:00:00+00:00,LONG,1.15661,1.15534,1.1591499999999997,0.7874
2024-02-27T20:00:00+00:00,LONG,1.15755,1.1569,1.1588500000000002,1.5385
2024-02-27T21:00:00+00:00,LONG,1.15771,1.1569,1.15933,1.2346
2024-02-28T00:00:00+00:00,LONG,1.15829,1.15721,1.16045,0.9259
2024-02-28T01:00:00+00:00,LONG,1.15863,1.1575264285714286,1.160837142857143,0.9061
2024-02-28T17:00:00+00:00,LONG,1.15858,1.15814,1.15946,2.2727
2024-02-28T18:00:00+00:00,LONG,1.15901,1.15814,1.1607500000000004,1.1494
2024-02-28T19:00:00+00:00,LONG,1.15873,1.15814,1.1599100000000002,1.6949
2024-02-28T20:00:00+00:00,LONG,1.15888,1.15814,1.1603599999999998,1.3514
2024-02-28T21:00:00+00:00,LONG,1.15866,1.15829,1.1594,2.7027
2024-02-28T23:00:00+00:00,LONG,1.159,1.15811,1.1607800000000001,1.1236
2024-02-29T00:00:00+00:00,LONG,1.15889,1.15811,1.16045,1.2821
2024-02-29T01:00:00+00:00,LONG,1.15908,1.15811,1.1610200000000004,1.0309
2024-02-29T03:00:00+00:00,LONG,1.15917,1.15814,1.1612300000000002,0.9709
2024-02-29T04:00:00+00:00,LONG,1.1594,1.1581817857142855,1.1618364285714289,0.8209
2024-02-29T05:00:00+00:00,LONG,1.1594,1.158175357142857,1.161849285714286,0.8166
2024-02-29T13:00:00+00:00,LONG,1.15963,1.1586,1.1616899999999997,0.9709
2024-02-29T14:00:00+00:00,LONG,1.15976,1.1586,1.1620799999999996,0.8621
2024-02-29T15:00:00+00:00,LONG,1.16,1.1587732142857143,1.162453571428571,0.8151
2024-02-29T16:00:00+00:00,LONG,1.16005,1.158865,1.16242,0.8439
2024-02-29T17:00:00+00:00,LONG,1.16025,1.15908,1.1625899999999998,0.8547
2024-02-29T18:00:00+00:00,LONG,1.16018,1.15908,1.1623799999999997,0.9091
2024-03-01T20:00:00+00:00,LONG,1.16342,1.16285,1.1645599999999998,1.7544
2024-03-02T05:00:00+00:00,LONG,1.16291,1.16191,1.1649100000000003,1.0
2024-03-02T06:00:00+00:00,LONG,1.16366,1.1623067857142857,1.1663664285714284,0.739
2024-03-02T07:00:00+00:00,LONG,1.16416,1.1627971428571429,1.1668857142857145,0.7338
2024-03-02T08:00:00+00:00,LONG,1.16412,1.1627742857142858,1.1668114285714286,0.7431
2024-03-03T07:00:00+00:00,LONG,1.16564,1.16488,1.1671600000000002,1.3158
2024-03-03T08:00:00+00:00,LONG,1.16569,1.16488,1.1673099999999998,1.2346
2024-03-03T12:00:00+00:00,LONG,1.16573,1.16466,1.1678699999999997,0.9346
2024-03-03T15:00:00+00:00,LONG,1.16584,1.16461,1.1683000000000001,0.813
2024-03-03T16:00:00+00:00,LONG,1.16602,1.164720357142857,1.168619285714286,0.7694
2024-03-03T17:00:00+00:00,LONG,1.16624,1.16498,1.16876,0.7937
2024-03-03T20:00:00+00:00,LONG,1.16676,1.1655557142857143,1.1691685714285716,0.8304
2024-03-03T21:00:00+00:00,LONG,1.16657,1.1655,1.1687100000000004,0.9346
2024-03-04T15:00:00+00:00,LONG,1.16608,1.16487,1.1684999999999999,0.8264
2024-03-04T16:00:00+00:00,LONG,1.16607,1.16487,1.1684699999999997,0.8333
2024-03-04T17:00:00+00:00,LONG,1.16627,1.1649757142857142,1.1688585714285713,0.7726
2024-03-04T20:00:00+00:00,LONG,1.16637,1.16515,1.16881,0.8197
2024-03-04T21:00:00+00:00,LONG,1.16646,1.16515,1.1690800000000003,0.7634
2024-03-04T22:00:00+00:00,LONG,1.16653,1.1652078571428572,1.1691742857142857,0.7563
2024-03-05T00:00:00+00:00,LONG,1.16707,1.1657564285714286,1.169697142857143,0.7613
2024-03-05T01:00:00+00:00,LONG,1.16652,1.16609,1.1673799999999999,2.3256
2024-03-05T05:00:00+00:00,LONG,1.16646,1.16572,1.16794,1.3514
2024-03-05T06:00:00+00:00,LONG,1.16641,1.16572,1.1677899999999997,1.4493
2024-03-05T16:00:00+00:00,SHORT,1.16486,1.16572,1.1631399999999998,1.1628
2024-03-05T17:00:00+00:00,SHORT,1.1651,1.16572,1.16386,1.6129
2024-03-05T18:00:00+00:00,SHORT,1.16531,1.16572,1.16449,2.439
2024-03-05T19:00:00+00:00,SHORT,1.16546,1.16572,1.1649399999999996,3.8462
2024-03-05T21:00:00+00:00,SHORT,1.1655,1.16633,1.1638399999999998,1.2048
2024-03-06T02:00:00+00:00,SHORT,1.16551,1.16651,1.1635100000000003,1.0
2024-03-06T03:00:00+00:00,LONG,1.16601,1.16507,1.1678899999999999,1.0638
2024-03-06T04:00:00+00:00,LONG,1.16598,1.16507,1.1678,1.0989
2024-03-06T05:00:00+00:00,LONG,1.16629,1.16509,1.1686900000000002,0.8333
2024-03-06T06:00:00+00:00,LONG,1.16641,1.16509,1.16905,0.7576
2024-03-06T12:00:00+00:00,LONG,1.1664,1.16591,1.1673800000000003,2.0408
2024-03-06T13:00:00+00:00,LONG,1.16657,1.16591,1.1678900000000003,1.5152
2024-03-06T23:00:00+00:00,SHORT,1.16571,1.16611,1.1649100000000001,2.5
2024-03-07T00:00:00+00:00,SHORT,1.16564,1.16611,1.1647,2.1277
2024-03-07T01:00:00+00:00,SHORT,1.16574,1.16611,1.165,2.7027
2024-03-07T02:00:00+00:00,SHORT,1.16554,1.16611,1.1644,1.7544
2024-03-07T03:00:00+00:00,SHORT,1.16525,1.16611,1.1635299999999997,1.1628
2024-03-07T04:00:00+00:00,SHORT,1.16501,1.16601,1.1630100000000003,1.0
2024-03-07T07:00:00+00:00,SHORT,1.16467,1.16571,1.1625900000000002,0.9615
2024-03-07T08:00:00+00:00,SHORT,1.16494,1.16571,1.1634000000000002,1.2987
2024-03-07T15:00:00+00:00,SHORT,1.16404,1.16511,1.1618999999999997,0.9346
2024-03-07T16:00:00+00:00,SHORT,1.1641,1.16511,1.1620799999999996,0.9901
2024-03-07T18:00:00+00:00,SHORT,1.16384,1.165064642857143,1.161390714285714,0.8166
2024-03-07T19:00:00+00:00,SHORT,1.164,1.16514,1.1617199999999996,0.8772
2024-03-07T23:00:00+00:00,SHORT,1.16446,1.16503,1.1633200000000001,1.7544
2024-03-08T00:00:00+00:00,SHORT,1.16448,1.16503,1.1633799999999999,1.8182
2024-03-08T01:00:00+00:00,SHORT,1.16404,1.16503,1.1620599999999999,1.0101
2024-03-08T02:00:00+00:00,SHORT,1.16339,1.1645942857142857,1.1609814285714284,0.8304
2024-03-08T03:00:00+00:00,SHORT,1.16372,1.1649960714285716,1.161167857142857,0.7837
2024-03-08T15:00:00+00:00,SHORT,1.16335,1.16417,1.1617100000000005,1.2195
2024-03-08T16:00:00+00:00,SHORT,1.16338,1.16417,1.1618000000000004,1.2658
2024-03-09T08:00:00+00:00,LONG,1.16567,1.16447,1.1680700000000002,0.8333
2024-03-09T09:00:00+00:00,LONG,1.16519,1.16407,1.16743,0.8929
2024-03-09T10:00:00+00:00,LONG,1.16534,1.16407,1.1678800000000003,0.7874
2024-03-10T05:00:00+00:00,LONG,1.16703,1.16616,1.1687699999999999,1.1494
2024-03-10T06:00:00+00:00,LONG,1.16708,1.16616,1.1689199999999995,1.087
2024-03-10T15:00:00+00:00,LONG,1.16653,1.16549,1.1686100000000004,0.9615
2024-03-10T16:00:00+00:00,LONG,1.16653,1.16549,1.1686100000000004,0.9615
2024-03-10T19:00:00+00:00,LONG,1.1667,1.16545,1.1692,0.8
2024-03-10T20:00:00+00:00,LONG,1.16691,1.1656489285714284,1.1694321428571428,0.793
2024-03-10T21:00:00+00:00,LONG,1.16685,1.1655921428571427,1.1693657142857143,0.795
2024-03-11T00:00:00+00:00,LONG,1.16657,1.16604,1.1676300000000004,1.8868
2024-03-11T04:00:00+00:00,LONG,1.16722,1.1660167857142856,1.1696264285714286,0.8311
2024-03-11T05:00:00+00:00,LONG,1.16694,1.1659,1.1690200000000004,0.9615
2024-03-11T06:00:00+00:00,LONG,1.16696,1.16599,1.1688999999999998,1.0309
2024-03-11T08:00:00+00:00,LONG,1.16796,1.1667267857142858,1.1704264285714288,0.8109
2024-03-11T09:00:00+00:00,LONG,1.1678,1.16663,1.1701399999999997,0.8547
2024-03-11T16:00:00+00:00,LONG,1.16763,1.16714,1.1686099999999997,2.0408
2024-03-11T17:00:00+00:00,LONG,1.16781,1.16714,1.16915,1.4925
2024-03-11T18:00:00+00:00,LONG,1.1678,1.16714,1.1691199999999997,1.5152
2024-03-11T20:00:00+00:00,LONG,1.16771,1.16695,1.1692300000000002,1.3158
2024-03-11T21:00:00+00:00,LONG,1.16787,1.16695,1.16971,1.087
2024-03-11T22:00:00+00:00,LONG,1.1677,1.16695,1.1692,1.3333
2024-03-11T23:00:00+00:00,LONG,1.16767,1.16695,1.16911,1.3889
2024-03-12T05:00:00+00:00,LONG,1.16741,1.16635,1.1695300000000002,0.9434
2024-03-12T07:00:00+00:00,LONG,1.16743,1.16635,1.16959,0.9259
2024-03-12T08:00:00+00:00,LONG,1.16744,1.16671,1.1689000000000003,1.3699
2024-03-12T09:00:00+00:00,LONG,1.16775,1.16671,1.1698300000000004,0.9615
2024-03-12T10:00:00+00:00,LONG,1.16764,1.16708,1.1687600000000002,1.7857
2024-03-12T17:00:00+00:00,LONG,1.16726,1.1661232142857143,1.1695335714285713,0.8797
2024-03-12T21:00:00+00:00,SHORT,1.16652,1.1676192857142857,1.1643214285714285,0.9097
2024-03-12T22:00:00+00:00,SHORT,1.16661,1.16762,1.1645899999999996,0.9901
2024-03-12T23:00:00+00:00,SHORT,1.16596,1.1671814285714286,1.1635171428571431,0.8187
2024-03-13T00:00:00+00:00,SHORT,1.16608,1.16719,1.1638600000000001,0.9009
2024-03-13T02:00:00+00:00,SHORT,1.16662,1.16714,1.1655799999999998,1.9231
2024-03-13T03:00:00+00:00,SHORT,1.16674,1.16694,1.1663400000000002,5.0
2024-03-13T07:00:00+00:00,SHORT,1.16635,1.16739,1.1642700000000001,0.9615
2024-03-13T08:00:00+00:00,SHORT,1.16659,1.16739,1.1649900000000002,1.25
2024-03-13T09:00:00+00:00,SHORT,1.1666,1.16733,1.1651400000000003,1.3699
2024-03-13T10:00:00+00:00,SHORT,1.16635,1.1673,1.16445,1.0526
2024-03-13T11:00:00+00:00,SHORT,1.16644,1.16721,1.1648999999999996,1.2987
2024-03-13T12:00:00+00:00,SHORT,1.16631,1.16695,1.16503,1.5625
2024-03-13T13:00:00+00:00,SHORT,1.1662,1.16693,1.1647399999999997,1.3699
2024-03-13T14:00:00+00:00,SHORT,1.16644,1.16693,1.1654599999999997,2.0408
2024-03-13T15:00:00+00:00,SHORT,1.16608,1.16693,1.16438,1.1765
2024-03-13T16:00:00+00:00,SHORT,1.16645,1.16721,1.1649299999999998,1.3158
2024-03-13T17:00:00+00:00,SHORT,1.16608,1.16721,1.1638199999999999,0.885
2024-03-13T18:00:00+00:00,SHORT,1.16593,1.1671642857142857,1.1634614285714284,0.8102
2024-03-14T05:00:00+00:00,SHORT,1.16648,1.16752,1.1644,0.9615
2024-03-14T06:00:00+00:00,SHORT,1.16638,1.16752,1.1641000000000001,0.8772
2024-03-14T08:00:00+00:00,SHORT,1.16634,1.16752,1.16398,0.8475
2024-03-14T09:00:00+00:00,SHORT,1.16634,1.1674435714285714,1.164132857142857,0.9061
2024-03-14T10:00:00+00:00,SHORT,1.16614,1.16699,1.16444,1.1765
2024-03-14T11:00:00+00:00,SHORT,1.16622,1.16699,1.1646800000000002,1.2987
2024-03-14T12:00:00+00:00,SHORT,1.16616,1.16699,1.1645000000000003,1.2048
2024-03-14T15:00:00+00:00,SHORT,1.16651,1.16698,1.16557,2.1277
2024-03-14T18:00:00+00:00,SHORT,1.16645,1.16698,1.1653900000000001,1.8868
2024-03-14T20:00:00+00:00,SHORT,1.1665,1.16699,1.1655200000000003,2.0408
2024-03-14T23:00:00+00:00,SHORT,1.1665,1.16734,1.1648200000000002,1.1905
2024-03-15T00:00:00+00:00,SHORT,1.16635,1.16734,1.16437,1.0101
2024-03-15T01:00:00+00:00,SHORT,1.16623,1.16734,1.1640100000000002,0.9009
2024-03-15T04:00:00+00:00,LONG,1.16742,1.1662082142857142,1.1698435714285713,0.8252
2024-03-15T05:00:00+00:00,LONG,1.16815,1.1668825,1.170685,0.789
2024-03-15T06:00:00+00:00,LONG,1.16789,1.1666503571428573,1.1703692857142858,0.8067
2024-03-15T17:00:00+00:00,LONG,1.16746,1.1660746428571427,1.1702307142857145,0.7218
2024-03-15T18:00:00+00:00,LONG,1.16738,1.16604,1.1700600000000003,0.7463
2024-03-15T19:00:00+00:00,LONG,1.16745,1.1661139285714286,1.170122142857143,0.7485
2024-03-15T20:00:00+00:00,LONG,1.16711,1.16641,1.1685100000000004,1.4286
2024-03-15T21:00:00+00:00,LONG,1.16767,1.16645,1.17011,0.8197
2024-03-15T22:00:00+00:00,LONG,1.16806,1.16676,1.1706600000000003,0.7692
2024-03-15T23:00:00+00:00,LONG,1.1682,1.1668939285714284,1.170812142857143,0.7657
2024-03-16T01:00:00+00:00,LONG,1.16796,1.16676,1.1703600000000003,0.8333
2024-03-16T02:00:00+00:00,LONG,1.16767,1.16713,1.16875,1.8519
2024-03-16T04:00:00+00:00,LONG,1.16845,1.16713,1.17109,0.7576
2024-03-16T05:00:00+00:00,LONG,1.16853,1.16748,1.17063,0.9524
2024-03-16T08:00:00+00:00,LONG,1.16786,1.16723,1.1691199999999997,1.5873
2024-03-16T09:00:00+00:00,LONG,1.16827,1.16723,1.1703499999999998,0.9615
2024-03-16T10:00:00+00:00,LONG,1.16866,1.1673389285714286,1.1713021428571428,0.757
2024-03-16T11:00:00+00:00,LONG,1.16823,1.16723,1.1702300000000003,1.0
2024-03-16T16:00:00+00:00,LONG,1.16846,1.1678,1.1697800000000003,1.5152
2024-03-16T17:00:00+00:00,LONG,1.16842,1.1678,1.1696600000000001,1.6129
2024-03-17T09:00:00+00:00,LONG,1.16792,1.1669128571428573,1.1699342857142856,0.9929
2024-03-17T12:00:00+00:00,SHORT,1.16697,1.16803,1.1648500000000004,0.9434
2024-03-17T16:00:00+00:00,SHORT,1.16728,1.16783,1.1661800000000004,1.8182
2024-03-17T20:00:00+00:00,SHORT,1.1672,1.16824,1.1651200000000002,0.9615
2024-03-17T21:00:00+00:00,SHORT,1.16748,1.16824,1.1659600000000003,1.3158
2024-03-17T23:00:00+00:00,LONG,1.16814,1.16686,1.1706999999999999,0.7813
2024-03-18T00:00:00+00:00,LONG,1.16792,1.16686,1.1700400000000002,0.9434
2024-03-18T01:00:00+00:00,LONG,1.16818,1.1669317857142858,1.1706764285714284,0.8011
2024-03-18T02:00:00+00:00,LONG,1.16848,1.16734,1.1707599999999998,0.8772
2024-03-18T18:00:00+00:00,LONG,1.1699,1.16886,1.1719799999999998,0.9615
2024-03-18T19:00:00+00:00,LONG,1.1695,1.16886,1.17078,1.5625
2024-03-19T06:00:00+00:00,LONG,1.16894,1.16789,1.17104,0.9524
2024-03-19T09:00:00+00:00,LONG,1.16914,1.16799,1.17144,0.8696
2024-03-19T10:00:00+00:00,LONG,1.16931,1.1685,1.17093,1.2346
2024-03-19T11:00:00+00:00,LONG,1.16894,1.1685,1.16982,2.2727
2024-03-19T12:00:00+00:00,LONG,1.16919,1.16858,1.17041,1.6393
2024-03-19T13:00:00+00:00,LONG,1.16891,1.16856,1.1696099999999996,2.8571
2024-03-19T14:00:00+00:00,LONG,1.16939,1.16856,1.1710499999999997,1.2048
2024-03-19T15:00:00+00:00,LONG,1.16974,1.16856,1.1721,0.8475
2024-03-19T16:00:00+00:00,LONG,1.16988,1.1686028571428573,1.1724342857142855,0.783
2024-03-20T05:00:00+00:00,LONG,1.17012,1.1690153571428572,1.1723292857142857,0.9053
2024-03-20T06:00:00+00:00,LONG,1.1706,1.1694782142857143,1.1728435714285717,0.8914
2024-03-20T07:00:00+00:00,LONG,1.17016,1.16899,1.1725000000000003,0.8547
2024-03-20T08:00:00+00:00,LONG,1.17043,1.1691978571428572,1.172894285714286,0.8116
2024-03-20T13:00:00+00:00,LONG,1.17048,1.16989,1.1716599999999997,1.6949
2024-03-20T15:00:00+00:00,LONG,1.17032,1.16978,1.1714,1.8519
2024-03-20T18:00:00+00:00,LONG,1.17047,1.16947,1.1724699999999997,1.0
2024-03-20T19:00:00+00:00,LONG,1.17029,1.16947,1.1719300000000001,1.2195
2024-03-21T09:00:00+00:00,SHORT,1.16909,1.16999,1.1672899999999997,1.1111
2024-03-21T10:00:00+00:00,SHORT,1.16915,1.16999,1.1674699999999996,1.1905
2024-03-21T11:00:00+00:00,SHORT,1.16924,1.16999,1.16774,1.3333
2024-03-21T12:00:00+00:00,SHORT,1.16915,1.16999,1.1674699999999996,1.1905
2024-03-21T14:00:00+00:00,SHORT,1.16915,1.16962,1.1682099999999995,2.1277
2024-03-21T17:00:00+00:00,SHORT,1.16874,1.16993,1.1663599999999998,0.8403
2024-03-21T18:00:00+00:00,SHORT,1.16915,1.16993,1.16759,1.2821
2024-03-21T19:00:00+00:00,SHORT,1.16829,1.1696003571428573,1.1656692857142856,0.7632
2024-03-21T20:00:00+00:00,SHORT,1.16815,1.1694828571428573,1.1654842857142855,0.7503
2024-03-21T21:00:00+00:00,SHORT,1.16851,1.1698664285714286,1.1657971428571425,0.7372
2024-03-22T10:00:00+00:00,SHORT,1.16748,1.16829,1.1658600000000001,1.2346
2024-03-22T11:00:00+00:00,SHORT,1.1674,1.16829,1.1656199999999999,1.1236
2024-03-22T12:00:00+00:00,SHORT,1.1672,1.16829,1.16502,0.9174
2024-03-22T16:00:00+00:00,SHORT,1.16785,1.16807,1.1674100000000003,4.5455
2024-03-22T17:00:00+00:00,SHORT,1.16755,1.16835,1.1659500000000003,1.25
2024-03-22T18:00:00+00:00,SHORT,1.1674,1.16835,1.1655,1.0526
2024-03-22T19:00:00+00:00,SHORT,1.16721,1.16835,1.1649300000000002,0.8772
2024-03-22T20:00:00+00:00,SHORT,1.16687,1.1682125,1.164185,0.7449
2024-03-23T14:00:00+00:00,SHORT,1.16491,1.16587,1.1629899999999997,1.0417
2024-03-23T15:00:00+00:00,SHORT,1.16479,1.16587,1.16263,0.9259
2024-03-24T00:00:00+00:00,SHORT,1.16478,1.16523,1.1638799999999998,2.2222
2024-03-24T01:00:00+00:00,SHORT,1.16507,1.16525,1.1647100000000004,5.5556
2024-03-24T02:00:00+00:00,SHORT,1.16505,1.16525,1.16465,5.0
2024-03-24T03:00:00+00:00,SHORT,1.16501,1.16549,1.1640500000000005,2.0833
2024-03-24T08:00:00+00:00,SHORT,1.16506,1.1662128571428572,1.1627542857142856,0.8674
2024-03-24T09:00:00+00:00,SHORT,1.16517,1.1663228571428572,1.1628642857142857,0.8674
2024-03-24T20:00:00+00:00,SHORT,1.16542,1.16636,1.1635399999999996,1.0638
2024-03-24T21:00:00+00:00,SHORT,1.16507,1.16599,1.16323,1.087
2024-03-24T22:00:00+00:00,SHORT,1.16523,1.16599,1.1637099999999998,1.3158
2024-03-24T23:00:00+00:00,SHORT,1.16545,1.16596,1.16443,1.9608
2024-03-25T14:00:00+00:00,LONG,1.16703,1.16607,1.1689500000000002,1.0417
2024-03-25T15:00:00+00:00,LONG,1.16674,1.16607,1.1680800000000005,1.4925
2024-03-25T20:00:00+00:00,LONG,1.16789,1.1665914285714287,1.1704871428571428,0.7701
2024-03-25T21:00:00+00:00,LONG,1.16794,1.1666660714285715,1.170487857142857,0.785
2024-03-26T10:00:00+00:00,LONG,1.16834,1.16779,1.1694399999999996,1.8182
2024-03-26T14:00:00+00:00,LONG,1.16807,1.16729,1.16963,1.2821
2024-03-26T16:00:00+00:00,LONG,1.16822,1.1674,1.1698600000000001,1.2195
2024-03-26T17:00:00+00:00,LONG,1.16815,1.1674,1.16965,1.3333
2024-03-26T18:00:00+00:00,LONG,1.16823,1.1674,1.1698900000000003,1.2048
2024-03-26T19:00:00+00:00,LONG,1.1685,1.16774,1.1700200000000003,1.3158
2024-03-26T20:00:00+00:00,LONG,1.16841,1.16774,1.1697499999999998,1.4925
2024-03-26T21:00:00+00:00,LONG,1.16876,1.16774,1.1708,0.9804
2024-03-26T22:00:00+00:00,LONG,1.16851,1.16774,1.1700499999999998,1.2987
2024-03-26T23:00:00+00:00,LONG,1.16865,1.16774,1.17047,1.0989
2024-03-27T00:00:00+00:00,LONG,1.16898,1.16798,1.1709799999999997,1.0
2024-03-27T01:00:00+00:00,LONG,1.16923,1.1680642857142858,1.1715614285714284,0.8578
2024-03-27T07:00:00+00:00,LONG,1.16951,1.16827,1.1719900000000003,0.8065
2024-03-27T08:00:00+00:00,LONG,1.16959,1.16827,1.1722299999999999,0.7576
2024-03-27T10:00:00+00:00,LONG,1.16958,1.16827,1.1722000000000004,0.7634
2024-03-27T11:00:00+00:00,LONG,1.16926,1.16895,1.16988,3.2258
2024-03-27T12:00:00+00:00,LONG,1.16966,1.16895,1.17108,1.4085
2024-03-27T13:00:00+00:00,LONG,1.17057,1.1691428571428573,1.1734242857142858,0.7007
2024-03-27T14:00:00+00:00,LONG,1.17073,1.1693232142857144,1.1735435714285714,0.7108
2024-03-27T19:00:00+00:00,LONG,1.16995,1.16952,1.1708100000000004,2.3256
2024-03-27T21:00:00+00:00,LONG,1.17014,1.16924,1.1719399999999998,1.1111
2024-03-27T22:00:00+00:00,LONG,1.17027,1.16924,1.1723299999999997,0.9709
2024-03-27T23:00:00+00:00,LONG,1.17043,1.16924,1.1728100000000001,0.8403
2024-03-28T00:00:00+00:00,LONG,1.17039,1.16924,1.17269,0.8696
2024-03-28T21:00:00+00:00,LONG,1.16977,1.16864,1.1720300000000001,0.885
2024-03-28T22:00:00+00:00,LONG,1.16979,1.16864,1.1720900000000005,0.8696
2024-03-28T23:00:00+00:00,LONG,1.1697,1.16864,1.17182,0.9434
2024-03-29T01:00:00+00:00,LONG,1.16975,1.16935,1.1705500000000004,2.5
2024-03-29T02:00:00+00:00,LONG,1.16986,1.16935,1.17088,1.9608
2024-03-29T03:00:00+00:00,LONG,1.1701,1.1687939285714284,1.172712142857143,0.7657
2024-03-29T04:00:00+00:00,LONG,1.17019,1.1689235714285715,1.1727228571428572,0.7896
2024-03-29T05:00:00+00:00,LONG,1.17048,1.169285357142857,1.172869285714286,0.8371
2024-03-29T12:00:00+00:00,LONG,1.17111,1.16995,1.1734300000000002,0.8621
2024-03-29T13:00:00+00:00,LONG,1.17065,1.16995,1.1720499999999998,1.4286
2024-03-29T15:00:00+00:00,LONG,1.17077,1.16995,1.1724100000000002,1.2195
2024-03-29T16:00:00+00:00,LONG,1.17073,1.17006,1.17207,1.4925
2024-03-29T17:00:00+00:00,LONG,1.17063,1.17006,1.17177,1.7544
2024-03-29T18:00:00+00:00,LONG,1.1711,1.17006,1.17318,0.9615
2024-03-29T19:00:00+00:00,LONG,1.17084,1.17006,1.1724,1.2821
2024-03-29T20:00:00+00:00,LONG,1.17065,1.16996,1.1720299999999997,1.4493
2024-03-29T21:00:00+00:00,LONG,1.17076,1.16996,1.1723599999999998,1.25
2024-03-29T22:00:00+00:00,LONG,1.17093,1.16996,1.1728699999999999,1.0309
2024-03-29T23:00:00+00:00,LONG,1.17113,1.16996,1.1734699999999998,0.8547
2024-03-30T00:00:00+00:00,LONG,1.17145,1.1702178571428572,1.173914285714286,0.8116
2024-03-30T01:00:00+00:00,LONG,1.17156,1.1704007142857142,1.1738785714285713,0.8626
2024-03-31T22:00:00+00:00,LONG,1.17659,1.17581,1.17815,1.2821
2024-03-31T23:00:00+00:00,LONG,1.17642,1.17581,1.17764,1.6393
2024-04-01T02:00:00+00:00,LONG,1.17652,1.1756,1.17836,1.087
2024-04-01T03:00:00+00:00,LONG,1.17676,1.1756,1.1790800000000001,0.8621
2024-04-01T04:00:00+00:00,LONG,1.17699,1.1757664285714284,1.179437142857143,0.8173
2024-04-01T05:00:00+00:00,LONG,1.17741,1.1761307142857143,1.1799685714285717,0.7817
2024-04-01T06:00:00+00:00,LONG,1.17831,1.1769278571428572,1.1810742857142855,0.7235
2024-04-01T12:00:00+00:00,LONG,1.17702,1.17679,1.1774799999999999,4.3478
2024-04-01T15:00:00+00:00,LONG,1.17692,1.17646,1.1778399999999998,2.1739
2024-04-01T16:00:00+00:00,LONG,1.17712,1.17646,1.1784399999999997,1.5152
2024-04-01T17:00:00+00:00,LONG,1.17732,1.17646,1.1790399999999996,1.1628
2024-04-01T18:00:00+00:00,LONG,1.17755,1.17646,1.1797300000000002,0.9174
2024-04-01T20:00:00+00:00,LONG,1.17817,1.1768874999999999,1.180735,0.7797
2024-04-01T21:00:00+00:00,LONG,1.17829,1.1770589285714286,1.180752142857143,0.8123
2024-04-02T04:00:00+00:00,LONG,1.17769,1.17659,1.1798899999999997,0.9091
2024-04-02T05:00:00+00:00,LONG,1.17791,1.1766039285714285,1.180522142857143,0.7657
2024-04-02T06:00:00+00:00,LONG,1.17818,1.1769189285714285,1.180702142857143,0.793
2024-04-02T08:00:00+00:00,LONG,1.1777,1.17678,1.17954,1.087
2024-04-02T09:00:00+00:00,LONG,1.17776,1.17744,1.1783999999999997,3.125
2024-04-02T10:00:00+00:00,LONG,1.17786,1.17739,1.1787999999999998,2.1277
2024-04-02T19:00:00+00:00,LONG,1.17739,1.17657,1.17903,1.2195
2024-04-02T20:00:00+00:00,LONG,1.17776,1.176655357142857,1.1799692857142856,0.9053
2024-04-02T21:00:00+00:00,LONG,1.17772,1.1766775,1.1798050000000002,0.9592
2024-04-02T22:00:00+00:00,LONG,1.17764,1.17686,1.1792,1.2821
2024-04-02T23:00:00+00:00,LONG,1.17782,1.17686,1.1797400000000002,1.0417
2024-04-03T00:00:00+00:00,LONG,1.17805,1.1769860714285714,1.1801778571428574,0.9399
2024-04-03T01:00:00+00:00,LONG,1.17797,1.17727,1.1793699999999998,1.4286
2024-04-03T02:00:00+00:00,LONG,1.17826,1.17727,1.1802400000000002,1.0101
2024-04-03T03:00:00+00:00,LONG,1.1786,1.177529642857143,1.1807407142857145,0.9343
2024-04-03T13:00:00+00:00,LONG,1.1789,1.1786,1.1795,3.3333
2024-04-03T14:00:00+00:00,LONG,1.17897,1.17858,1.1797500000000003,2.5641
2024-04-03T15:00:00+00:00,LONG,1.17879,1.17826,1.1798499999999998,1.8868
2024-04-03T18:00:00+00:00,LONG,1.17872,1.17819,1.1797799999999998,1.8868
2024-04-03T19:00:00+00:00,LONG,1.17895,1.17819,1.1804699999999997,1.3158
2024-04-03T20:00:00+00:00,LONG,1.17965,1.1784714285714286,1.182007142857143,0.8485
2024-04-03T21:00:00+00:00,LONG,1.17978,1.1786110714285714,1.1821178571428574,0.8555
2024-04-03T22:00:00+00:00,LONG,1.17998,1.1788110714285713,1.1823178571428574,0.8555
2024-04-04T04:00:00+00:00,LONG,1.17944,1.1792,1.17992,4.1667
2024-04-04T05:00:00+00:00,LONG,1.17947,1.1792,1.18001,3.7037
2024-04-04T08:00:00+00:00,LONG,1.17962,1.17882,1.1812199999999997,1.25
2024-04-04T09:00:00+00:00,LONG,1.17943,1.17882,1.18065,1.6393
2024-04-04T11:00:00+00:00,LONG,1.1794,1.17861,1.1809800000000001,1.2658
2024-04-04T12:00:00+00:00,LONG,1.17959,1.17861,1.1815499999999999,1.0204
2024-04-04T13:00:00+00:00,LONG,1.17946,1.17861,1.18116,1.1765
2024-04-04T17:00:00+00:00,LONG,1.17929,1.17845,1.1809699999999999,1.1905
2024-04-04T20:00:00+00:00,LONG,1.17931,1.17845,1.1810300000000002,1.1628
2024-04-05T02:00:00+00:00,LONG,1.17935,1.17846,1.1811299999999996,1.1236
2024-04-05T03:00:00+00:00,LONG,1.17956,1.17846,1.1817599999999997,0.9091
2024-04-05T09:00:00+00:00,LONG,1.17928,1.17855,1.1807400000000003,1.3699
2024-04-05T10:00:00+00:00,LONG,1.17951,1.1786,1.18133,1.0989
2024-04-05T11:00:00+00:00,LONG,1.1795,1.17867,1.1811599999999998,1.2048
2024-04-05T17:00:00+00:00,LONG,1.17937,1.178157142857143,1.1817957142857143,0.8245
2024-04-05T18:00:00+00:00,LONG,1.17945,1.1783057142857145,1.1817385714285713,0.8739
2024-04-05T23:00:00+00:00,SHORT,1.17821,1.1796360714285714,1.1753578571428571,0.7012
2024-04-06T00:00:00+00:00,SHORT,1.17863,1.17933,1.1772300000000002,1.4286
2024-04-06T01:00:00+00:00,SHORT,1.17868,1.17933,1.1773799999999999,1.5385
2024-04-06T04:00:00+00:00,LONG,1.17938,1.1780342857142858,1.1820714285714287,0.7431
2024-04-06T05:00:00+00:00,LONG,1.17954,1.17848,1.1816600000000002,0.9434
2024-04-06T06:00:00+00:00,LONG,1.1798,1.1785110714285714,1.1823778571428571,0.7758
2024-04-06T23:00:00+00:00,LONG,1.18142,1.18124,1.1817799999999996,5.5556
2024-04-07T00:00:00+00:00,LONG,1.18158,1.18098,1.1827800000000004,1.6667
2024-04-07T01:00:00+00:00,LONG,1.18148,1.18098,1.1824800000000004,2.0
2024-04-07T02:00:00+00:00,LONG,1.18211,1.18098,1.1843700000000001,0.885
2024-04-07T03:00:00+00:00,LONG,1.18217,1.18098,1.18455,0.8403
2024-04-07T04:00:00+00:00,LONG,1.1826,1.1813175,1.1851650000000002,0.7797
2024-04-08T04:00:00+00:00,LONG,1.18528,1.18451,1.1868199999999998,1.2987
2024-04-08T05:00:00+00:00,LONG,1.18532,1.18451,1.1869399999999999,1.2346
2024-04-08T06:00:00+00:00,LONG,1.18522,1.18451,1.18664,1.4085
2024-04-08T07:00:00+00:00,LONG,1.1853,1.18451,1.1868800000000002,1.2658
2024-04-08T08:00:00+00:00,LONG,1.18618,1.1847507142857143,1.1890385714285714,0.6997
2024-04-08T09:00:00+00:00,LONG,1.18648,1.1850389285714285,1.189362142857143,0.6939
2024-04-08T10:00:00+00:00,LONG,1.18684,1.1853989285714284,1.189722142857143,0.6939
2024-04-09T04:00:00+00:00,LONG,1.18754,1.18677,1.18908,1.2987
2024-04-09T05:00:00+00:00,LONG,1.18769,1.18677,1.1895299999999995,1.087
2024-04-09T06:00:00+00:00,LONG,1.1881,1.18677,1.1907599999999996,0.7519
2024-04-09T07:00:00+00:00,LONG,1.18862,1.1872721428571429,1.1913157142857143,0.7419
2024-04-09T08:00:00+00:00,LONG,1.18915,1.1877839285714284,1.191882142857143,0.732
2024-04-10T01:00:00+00:00,LONG,1.19027,1.1897,1.1914099999999999,1.7544
2024-04-10T02:00:00+00:00,LONG,1.19034,1.1897,1.19162,1.5625
2024-04-10T04:00:00+00:00,LONG,1.19033,1.1897,1.1915900000000004,1.5873
2024-04-10T05:00:00+00:00,LONG,1.19062,1.18976,1.1923400000000002,1.1628
2024-04-10T06:00:00+00:00,LONG,1.19021,1.18976,1.1911100000000001,2.2222
2024-04-10T07:00:00+00:00,LONG,1.1901,1.18976,1.19078,2.9412
2024-04-10T08:00:00+00:00,LONG,1.19036,1.18976,1.1915600000000004,1.6667
2024-04-10T09:00:00+00:00,LONG,1.19022,1.18976,1.1911400000000003,2.1739
2024-04-10T12:00:00+00:00,LONG,1.19043,1.18931,1.1926700000000001,0.8929
2024-04-10T13:00:00+00:00,LONG,1.19046,1.18931,1.19276,0.8696
2024-04-10T15:00:00+00:00,LONG,1.19019,1.18931,1.19195,1.1364
2024-04-11T02:00:00+00:00,LONG,1.18976,1.18876,1.1917599999999997,1.0
2024-04-11T16:00:00+00:00,SHORT,1.18838,1.18905,1.18704,1.4925
2024-04-11T17:00:00+00:00,SHORT,1.18824,1.18905,1.18662,1.2346
2024-04-11T18:00:00+00:00,SHORT,1.18847,1.18905,1.1873099999999999,1.7241
2024-04-11T19:00:00+00:00,SHORT,1.18783,1.18905,1.18539,0.8197
2024-04-11T20:00:00+00:00,SHORT,1.18732,1.1887160714285714,1.184527857142857,0.7163
2024-04-11T21:00:00+00:00,SHORT,1.18728,1.1886717857142857,1.1844964285714283,0.7185
2024-04-12T12:00:00+00:00,SHORT,1.18866,1.1897,1.1865800000000002,0.9615
2024-04-12T13:00:00+00:00,LONG,1.18879,1.18829,1.18979,2.0
2024-04-12T14:00:00+00:00,LONG,1.18914,1.18829,1.1908400000000001,1.1765
2024-04-12T15:00:00+00:00,LONG,1.18915,1.18829,1.1908699999999997,1.1628
2024-04-12T16:00:00+00:00,LONG,1.18922,1.18829,1.1910799999999997,1.0753
2024-04-12T17:00:00+00:00,LONG,1.18945,1.18829,1.1917699999999996,0.8621
2024-04-12T18:00:00+00:00,LONG,1.1892,1.18846,1.19068,1.3514
2024-04-12T19:00:00+00:00,LONG,1.18948,1.18875,1.1909400000000003,1.3699
2024-04-12T20:00:00+00:00,LONG,1.18977,1.18875,1.19181,0.9804
2024-04-14T01:00:00+00:00,LONG,1.18961,1.18892,1.1909900000000002,1.4493
2024-04-14T03:00:00+00:00,SHORT,1.18945,1.1898,1.1887499999999998,2.8571
2024-04-14T04:00:00+00:00,SHORT,1.18889,1.1898,1.18707,1.0989
2024-04-14T05:00:00+00:00,SHORT,1.189,1.1898,1.1874000000000002,1.25
2024-04-14T06:00:00+00:00,SHORT,1.18928,1.1898,1.1882399999999997,1.9231
2024-04-14T07:00:00+00:00,SHORT,1.18925,1.1898,1.1881499999999998,1.8182
2024-04-14T12:00:00+00:00,LONG,1.1898,1.18909,1.19122,1.4085
2024-04-14T13:00:00+00:00,LONG,1.18982,1.18937,1.1907200000000002,2.2222
2024-04-14T14:00:00+00:00,LONG,1.1899,1.18937,1.1909599999999998,1.8868
2024-04-14T15:00:00+00:00,LONG,1.1902,1.18937,1.1918599999999997,1.2048
2024-04-17T04:00:00+00:00,LONG,1.19828,1.19747,1.1999,1.2346
2024-04-17T05:00:00+00:00,LONG,1.19848,1.19747,1.2005,0.9901
2024-04-17T14:00:00+00:00,LONG,1.1977,1.19659,1.1999199999999999,0.9009
2024-04-17T15:00:00+00:00,LONG,1.19819,1.196894642857143,1.2007807142857143,0.772
2024-04-17T16:00:00+00:00,LONG,1.19835,1.1970310714285715,1.2009878571428572,0.7582
2024-04-17T17:00:00+00:00,LONG,1.19842,1.197154642857143,1.2009507142857143,0.7903
2024-04-19T19:00:00+00:00,LONG,1.20446,1.20353,1.2063200000000003,1.0753
2024-04-19T20:00:00+00:00,LONG,1.20433,1.20353,1.2059299999999997,1.25
2024-04-19T21:00:00+00:00,LONG,1.20426,1.20353,1.2057200000000003,1.3699
2024-04-20T03:00:00+00:00,LONG,1.20434,1.2031732142857143,1.2066735714285712,0.8571
2024-04-20T04:00:00+00:00,LONG,1.20418,1.2029832142857144,1.2065735714285712,0.8356
2024-04-20T06:00:00+00:00,LONG,1.20454,1.20362,1.20638,1.087
2024-04-20T07:00:00+00:00,LONG,1.20465,1.20362,1.2067100000000002,0.9709
2024-04-20T08:00:00+00:00,LONG,1.20454,1.20362,1.20638,1.087
2024-04-20T09:00:00+00:00,LONG,1.20454,1.20362,1.20638,1.087
2024-04-20T10:00:00+00:00,LONG,1.205,1.20388,1.20724,0.8929
2024-04-20T11:00:00+00:00,LONG,1.20549,1.20417,1.20813,0.7576
2024-04-20T12:00:00+00:00,LONG,1.20529,1.20417,1.20753,0.8929
2024-04-20T16:00:00+00:00,LONG,1.20519,1.2047,1.2061699999999997,2.0408
2024-04-20T17:00:00+00:00,LONG,1.20525,1.2047,1.2063499999999996,1.8182
2024-04-21T04:00:00+00:00,LONG,1.20637,1.20534,1.2084299999999997,0.9709
2024-04-21T05:00:00+00:00,LONG,1.20637,1.20534,1.2084299999999997,0.9709
2024-04-21T06:00:00+00:00,LONG,1.20691,1.2056382142857143,1.2094535714285712,0.7863
2024-04-21T18:00:00+00:00,LONG,1.20698,1.2065,1.20794,2.0833
2024-04-21T19:00:00+00:00,LONG,1.20716,1.2065,1.2084800000000002,1.5152
2024-04-21T20:00:00+00:00,LONG,1.20691,1.2065,1.20773,2.439
2024-04-22T07:00:00+00:00,LONG,1.20686,1.205984642857143,1.208610714285714,1.1424
2024-04-22T08:00:00+00:00,LONG,1.20677,1.2058635714285713,1.2085828571428572,1.1032
2024-04-22T09:00:00+00:00,LONG,1.20696,1.2060375,1.208805,1.084
2024-04-22T10:00:00+00:00,LONG,1.20694,1.2060496428571428,1.2087207142857141,1.1231
2024-04-22T11:00:00+00:00,LONG,1.2071,1.20626,1.20878,1.1905
2024-04-22T13:00:00+00:00,LONG,1.20782,1.2067935714285714,1.209872857142857,0.9743
2024-04-22T14:00:00+00:00,LONG,1.20734,1.20632,1.2093800000000001,0.9804
2024-04-22T21:00:00+00:00,LONG,1.20782,1.20708,1.2092999999999998,1.3514
2024-04-23T00:00:00+00:00,LONG,1.20776,1.20693,1.2094199999999997,1.2048
2024-04-23T07:00:00+00:00,LONG,1.20742,1.20632,1.2096199999999997,0.9091
2024-04-23T08:00:00+00:00,LONG,1.20762,1.20632,1.2102199999999996,0.7692
2024-04-23T09:00:00+00:00,LONG,1.20771,1.206375,1.2103800000000002,0.7491
2024-04-23T10:00:00+00:00,LONG,1.20788,1.2066060714285716,1.210427857142857,0.785
2024-04-23T11:00:00+00:00,LONG,1.20767,1.20683,1.20935,1.1905
2024-04-23T12:00:00+00:00,LONG,1.20798,1.20704,1.2098600000000004,1.0638
2024-04-23T13:00:00+00:00,LONG,1.20769,1.20724,1.2085899999999996,2.2222
2024-04-23T14:00:00+00:00,LONG,1.20799,1.20724,1.2094899999999995,1.3333
2024-04-23T15:00:00+00:00,LONG,1.2084,1.20724,1.2107199999999996,0.8621
2024-04-23T20:00:00+00:00,LONG,1.20801,1.20763,1.2087700000000001,2.6316
2024-04-23T21:00:00+00:00,LONG,1.20803,1.20763,1.2088299999999998,2.5
2024-04-23T22:00:00+00:00,LONG,1.20806,1.20761,1.2089599999999996,2.2222
2024-04-23T23:00:00+00:00,LONG,1.20833,1.20761,1.2097699999999996,1.3889
2024-04-24T00:00:00+00:00,LONG,1.20835,1.20761,1.20983,1.3514
2024-04-24T01:00:00+00:00,LONG,1.20806,1.20761,1.2089599999999996,2.2222
2024-04-24T02:00:00+00:00,LONG,1.20807,1.20761,1.2089899999999998,2.1739
2024-04-24T03:00:00+00:00,LONG,1.20814,1.20767,1.20908,2.1277
2024-04-24T04:00:00+00:00,LONG,1.20822,1.20767,1.2093200000000002,1.8182
2024-04-24T05:00:00+00:00,LONG,1.20832,1.20767,1.2096200000000001,1.5385
2024-04-24T06:00:00+00:00,LONG,1.20868,1.20767,1.2106999999999999,0.9901
2024-04-24T07:00:00+00:00,LONG,1.20841,1.20767,1.20989,1.3514
2024-04-24T08:00:00+00:00,LONG,1.20851,1.20778,1.2099699999999998,1.3699
2024-04-24T09:00:00+00:00,LONG,1.20895,1.20778,1.2112899999999998,0.8547
2024-04-24T10:00:00+00:00,LONG,1.20848,1.20786,1.2097200000000001,1.6129
2024-04-24T11:00:00+00:00,LONG,1.20858,1.20786,1.21002,1.3889
2024-04-24T12:00:00+00:00,LONG,1.20846,1.20786,1.2096600000000004,1.6667
2024-04-24T13:00:00+00:00,LONG,1.20839,1.20786,1.2094500000000004,1.8868
2024-04-24T16:00:00+00:00,LONG,1.20877,1.20776,1.2107899999999998,0.9901
2024-04-24T17:00:00+00:00,LONG,1.20844,1.20776,1.2098,1.4706
2024-04-24T20:00:00+00:00,LONG,1.20837,1.20764,1.2098299999999997,1.3699
2024-04-24T22:00:00+00:00,LONG,1.20833,1.20764,1.2097099999999996,1.4493
2024-04-25T02:00:00+00:00,LONG,1.20879,1.20754,1.21129,0.8
2024-04-25T03:00:00+00:00,LONG,1.20926,1.2079164285714286,1.211947142857143,0.7443
2024-04-25T04:00:00+00:00,LONG,1.20905,1.2077546428571428,1.2116407142857142,0.772
2024-04-25T08:00:00+00:00,LONG,1.20897,1.2082,1.2105100000000004,1.2987
2024-04-25T09:00:00+00:00,LONG,1.20937,1.2082,1.2117100000000003,0.8547
2024-04-25T10:00:00+00:00,LONG,1.20973,1.2083660714285716,1.2124578571428568,0.7332
2024-04-25T11:00:00+00:00,LONG,1.20964,1.208232142857143,1.2124557142857142,0.7103
2024-04-25T14:00:00+00:00,LONG,1.21008,1.20893,1.21238,0.8696
2024-04-25T15:00:00+00:00,LONG,1.21001,1.20901,1.2120100000000003,1.0
2024-04-25T17:00:00+00:00,LONG,1.20966,1.209,1.2109799999999997,1.5152
2024-04-25T18:00:00+00:00,LONG,1.21003,1.209,1.2120899999999997,0.9709
2024-04-25T19:00:00+00:00,LONG,1.20973,1.209,1.2111899999999998,1.3699
2024-04-25T20:00:00+00:00,LONG,1.20997,1.209,1.2119099999999998,1.0309
2024-04-26T03:00:00+00:00,LONG,1.21032,1.20964,1.21168,1.4706
2024-04-26T04:00:00+00:00,LONG,1.2102,1.20964,1.2113199999999997,1.7857
2024-04-26T05:00:00+00:00,LONG,1.21005,1.20964,1.2108700000000001,2.439
2024-04-26T07:00:00+00:00,LONG,1.21012,1.20934,1.21168,1.2821
2024-04-26T08:00:00+00:00,LONG,1.21042,1.20934,1.21258,0.9259
2024-04-26T09:00:00+00:00,LONG,1.2107,1.2094292857142859,1.2132414285714286,0.787
2024-04-26T10:00:00+00:00,LONG,1.21104,1.209740357142857,1.2136392857142855,0.7694
2024-04-28T02:00:00+00:00,LONG,1.21417,1.21394,1.2146299999999999,4.3478
2024-04-28T10:00:00+00:00,LONG,1.21404,1.21308,1.2159600000000002,1.0417
2024-04-28T11:00:00+00:00,LONG,1.21434,1.2131775,1.2166649999999999,0.8602
2024-04-28T13:00:00+00:00,LONG,1.21407,1.21308,1.21605,1.0101
2024-04-28T14:00:00+00:00,LONG,1.21432,1.21358,1.2158,1.3514
2024-04-28T15:00:00+00:00,LONG,1.21406,1.21358,1.2150199999999995,2.0833
2024-04-28T16:00:00+00:00,LONG,1.21411,1.21365,1.2150300000000003,2.1739
2024-04-28T17:00:00+00:00,LONG,1.21413,1.21373,1.2149299999999998,2.5
2024-04-28T18:00:00+00:00,LONG,1.21473,1.21374,1.2167100000000002,1.0101
2024-04-28T19:00:00+00:00,LONG,1.21536,1.2141417857142858,1.2177964285714284,0.8209
2024-04-28T20:00:00+00:00,LONG,1.21491,1.21374,1.2172499999999997,0.8547
2024-04-29T16:00:00+00:00,LONG,1.21744,1.21647,1.2193800000000004,1.0309
2024-04-29T17:00:00+00:00,LONG,1.21778,1.2165521428571429,1.2202357142857145,0.8144
2024-04-30T05:00:00+00:00,LONG,1.21888,1.21817,1.2203,1.4085
2024-04-30T06:00:00+00:00,LONG,1.21869,1.21817,1.2197300000000002,1.9231
2024-04-30T08:00:00+00:00,LONG,1.21938,1.21817,1.2217999999999998,0.8264
2024-04-30T09:00:00+00:00,LONG,1.21906,1.21832,1.22054,1.3514
2024-04-30T11:00:00+00:00,LONG,1.21977,1.2183246428571428,1.2226607142857144,0.6919
2024-04-30T12:00:00+00:00,LONG,1.21984,1.21862,1.22228,0.8197
2024-04-30T16:00:00+00:00,LONG,1.21913,1.21858,1.2202300000000001,1.8182
2024-05-01T03:00:00+00:00,LONG,1.21871,1.2173814285714286,1.2213671428571427,0.7527
2024-05-01T04:00:00+00:00,LONG,1.21876,1.2174882142857144,1.2213035714285714,0.7863
2024-05-01T05:00:00+00:00,LONG,1.2189,1.2176432142857143,1.2214135714285717,0.7957
2024-05-01T06:00:00+00:00,LONG,1.21911,1.2178992857142856,1.2215314285714285,0.826
2024-05-01T07:00:00+00:00,LONG,1.2192,1.2179860714285715,1.2216278571428572,0.8238
2024-05-01T09:00:00+00:00,LONG,1.21908,1.21823,1.22078,1.1765
2024-05-01T10:00:00+00:00,LONG,1.21889,1.21861,1.2194500000000001,3.5714
2024-05-01T12:00:00+00:00,LONG,1.21908,1.21861,1.2200199999999999,2.1277
2024-05-01T13:00:00+00:00,LONG,1.21893,1.21861,1.2195700000000003,3.125
2024-05-01T14:00:00+00:00,LONG,1.21879,1.21855,1.21927,4.1667
2024-05-01T16:00:00+00:00,LONG,1.21882,1.21807,1.22032,1.3333
2024-05-01T17:00:00+00:00,LONG,1.21889,1.21807,1.2205300000000001,1.2195
2024-05-01T19:00:00+00:00,LONG,1.21897,1.21807,1.2207700000000004,1.1111
2024-05-01T20:00:00+00:00,LONG,1.21886,1.21816,1.2202600000000003,1.4286
2024-05-01T22:00:00+00:00,LONG,1.21884,1.21802,1.2204799999999996,1.2195
2024-05-02T02:00:00+00:00,LONG,1.21911,1.21804,1.2212499999999997,0.9346
2024-05-02T03:00:00+00:00,LONG,1.21917,1.21817,1.2211700000000003,1.0
2024-05-02T04:00:00+00:00,LONG,1.21886,1.21817,1.2202400000000002,1.4493
2024-05-02T05:00:00+00:00,LONG,1.21907,1.21831,1.2205900000000003,1.3158
2024-05-02T06:00:00+00:00,LONG,1.21898,1.21831,1.2203199999999998,1.4925
2024-05-02T07:00:00+00:00,LONG,1.21959,1.21831,1.2221499999999998,0.7813
2024-05-02T08:00:00+00:00,LONG,1.21964,1.2183435714285715,1.2222328571428571,0.7713
2024-05-02T09:00:00+00:00,LONG,1.21902,1.21831,1.22044,1.4085
2024-05-02T10:00:00+00:00,LONG,1.21918,1.2185,1.22054,1.4706
2024-05-02T11:00:00+00:00,LONG,1.21981,1.2185135714285715,1.2224028571428571,0.7713
2024-05-02T12:00:00+00:00,LONG,1.22033,1.21904,1.22291,0.7752
2024-05-02T13:00:00+00:00,LONG,1.22093,1.2195885714285715,1.2236128571428573,0.7455
2024-05-02T21:00:00+00:00,LONG,1.22064,1.21994,1.2220399999999998,1.4286
2024-05-02T22:00:00+00:00,LONG,1.22093,1.21994,1.2229100000000002,1.0101
2024-05-02T23:00:00+00:00,LONG,1.22107,1.21994,1.2233300000000003,0.885
2024-05-03T03:00:00+00:00,LONG,1.22081,1.22005,1.2223299999999997,1.3158
2024-05-03T04:00:00+00:00,LONG,1.22121,1.22005,1.2235299999999996,0.8621
2024-05-03T05:00:00+00:00,LONG,1.22158,1.2203939285714287,1.223952142857143,0.8431
2024-05-03T09:00:00+00:00,LONG,1.22062,1.21965,1.2225600000000003,1.0309
2024-05-03T12:00:00+00:00,LONG,1.22092,1.21965,1.2234600000000002,0.7874
2024-05-03T13:00:00+00:00,LONG,1.22135,1.2198542857142856,1.2243414285714287,0.6686
2024-05-03T14:00:00+00:00,LONG,1.22141,1.219922857142857,1.2243842857142861,0.6724
2024-05-03T18:00:00+00:00,LONG,1.22203,1.22086,1.2243699999999997,0.8547
2024-05-03T19:00:00+00:00,LONG,1.2222,1.22086,1.2248799999999997,0.7463
2024-05-03T20:00:00+00:00,LONG,1.22247,1.22086,1.2256899999999997,0.6211
2024-05-04T07:00:00+00:00,LONG,1.2223,1.2207057142857143,1.2254885714285713,0.6272
2024-05-04T08:00:00+00:00,LONG,1.22197,1.22067,1.2245700000000002,0.7692
2024-05-04T09:00:00+00:00,LONG,1.22201,1.22112,1.2237900000000002,1.1236
2024-05-04T10:00:00+00:00,LONG,1.22215,1.22125,1.2239500000000003,1.1111
2024-05-04T11:00:00+00:00,LONG,1.22198,1.22125,1.2234400000000003,1.3699
2024-05-04T12:00:00+00:00,LONG,1.22204,1.22142,1.2232800000000001,1.6129
2024-05-04T14:00:00+00:00,LONG,1.22208,1.22126,1.2237200000000001,1.2195
2024-05-04T15:00:00+00:00,LONG,1.22192,1.22126,1.2232399999999997,1.5152
2024-05-04T16:00:00+00:00,LONG,1.22258,1.22126,1.22522,0.7576
2024-05-04T17:00:00+00:00,LONG,1.22262,1.2212935714285715,1.225272857142857,0.7539
2024-05-04T18:00:00+00:00,LONG,1.22298,1.2216942857142856,1.2255514285714286,0.7778
2024-05-05T03:00:00+00:00,LONG,1.2236,1.2224867857142858,1.2258264285714284,0.8983
2024-05-05T04:00:00+00:00,LONG,1.22362,1.2225528571428572,1.2257542857142854,0.9371
2024-05-05T05:00:00+00:00,LONG,1.22413,1.2229910714285714,1.226407857142857,0.878
2024-05-05T12:00:00+00:00,LONG,1.22458,1.223359642857143,1.2270207142857141,0.8194
2024-05-05T13:00:00+00:00,LONG,1.22504,1.2237864285714286,1.2275471428571425,0.7977
